Edge ID,Start Node,Start Name,Start Coordinates,End Node,End Name,End Coordinates,distance_km,system_ID,start_point_idx,end_point_idx
pt_54.5747_11.9311-pt_54.0833_12.1333,pt_54.5747_11.9311,"Gedser, Denmark","(11.9311, 54.5747)",pt_54.0833_12.1333,"Rostock, Germany","(12.1333, 54.0833)",56.25779752301364,2000.10,1,2
pt_59.4372_24.745-pt_60.1708_24.9375,pt_59.4372_24.745,"Talinn, Estonia","(24.745, 59.4372)",pt_60.1708_24.9375,"Helsinki, Finland","(24.9375, 60.1708)",82.44064027997226,2000.11,3,4
pt_54.5_11.2167-pt_54.6631_11.36,pt_54.5_11.2167,"Puttgarden, Germany","(11.2167, 54.5)",pt_54.6631_11.36,"Rõdbyhavn, Denmark","(11.36, 54.6631)",20.38322923465695,2000.12,5,6
pt_39.603509_-74.338118-pt_32.304027_-64.756309,pt_39.603509_-74.338118,"Tuckerton, United States","(-74.3381182, 39.6035094)",pt_32.304027_-64.756309,"Bermuda, Bermuda","(-64.7563086, 32.3040273)",1183.2325370825072,2000.13,7,8
pt_32.304027_-64.756309-pt_-3.730451_-38.525,pt_32.304027_-64.756309,"Bermuda, Bermuda","(-64.7563086, 32.3040273)",pt_-3.730451_-38.525,"Fortaleza, Brazil","(-38.525, -3.7304512)",4856.707511294158,2000.13,8,9
pt_-22.9111_-43.2056-pt_-3.7275_-38.5275,pt_-22.9111_-43.2056,"Rio de Janeiro, Brazil","(-43.2056, -22.9111)",pt_-3.7275_-38.5275,"Fortaleza, Brazil","(-38.5275, -3.7275)",2181.5547454323705,2000.13,10,11
pt_39.6032_-74.3402-pt_26.3686_-80.1,pt_39.6032_-74.3402,"Tuckerton, United States","(-74.3402, 39.6032)",pt_26.3686_-80.1,"Boca Raton , United States","(-80.1, 26.3686)",1562.4548952008772,2000.13,12,13
pt_26.3686_-80.1-pt_10.328435_-64.460483,pt_26.3686_-80.1,"Boca Raton , United States","(-80.1, 26.3686)",pt_10.328435_-64.460483,"Punta Gorda, Venezuela","(-64.4604832, 10.3284352)",2420.614753873313,2000.13,13,14
pt_10.328435_-64.460483-pt_-3.7275_-38.5275,pt_10.328435_-64.460483,"Punta Gorda, Venezuela","(-64.4604832, 10.3284352)",pt_-3.7275_-38.5275,"Fortaleza, Brazil","(-38.5275, -3.7275)",3268.025051268914,2000.13,14,11
pt_35.3792_-120.8533-pt_21.4706_-158.2142,pt_35.3792_-120.8533,"Morro Bay, United States","(-120.8533, 35.3792)",pt_21.4706_-158.2142,"Makaha, nan","(-158.2142, 21.4706)",3941.9219059850757,2000.14,16,17
pt_34.3282_136.8297-pt_21.4706_-158.2142,pt_34.3282_136.8297,"Shima, Japan","(136.8297, 34.3282)",pt_21.4706_-158.2142,"Makaha, nan","(-158.2142, 21.4706)",6445.905038684168,2000.14,18,17
pt_34.3282_136.8297-grid_34.9_140.4,pt_34.3282_136.8297,"Shima, Japan","(136.8297, 34.3282)",grid_34.9_140.4,grid_34.9_140.4,"(140.4, 34.9)",333.5161350341651,2000.14,18,19
grid_34.9_140.4-pt_36.8019_140.751,grid_34.9_140.4,grid_34.9_140.4,"(140.4, 34.9)",pt_36.8019_140.751,"Kitaibaraki, Japan","(140.751, 36.8019)",213.3958632429121,2000.14,19,20
pt_38.9089_-123.6931-grid_36.7_141.4,pt_38.9089_-123.6931,"Point Arena, United States","(-123.6931, 38.9089)",grid_36.7_141.4,grid_36.7_141.4,"(141.4, 36.7)",7937.463679378773,2000.14,21,22
grid_36.7_141.4-pt_36.8019_140.751,grid_36.7_141.4,grid_36.7_141.4,"(141.4, 36.7)",pt_36.8019_140.751,"Kitaibaraki, Japan","(140.751, 36.8019)",59.04919733777597,2000.14,22,20
pt_38.9089_-123.6931-pt_35.3792_-120.8533,pt_38.9089_-123.6931,"Point Arena, United States","(-123.6931, 38.9089)",pt_35.3792_-120.8533,"Morro Bay, United States","(-120.8533, 35.3792)",465.8809749675963,2000.14,21,16
pt_35.0218_139.962-grid_34.85_140.3,pt_35.0218_139.962,"Maruyama, Japan","(139.962, 35.0218)",grid_34.85_140.3,grid_34.85_140.3,"(140.3, 34.849999999999994)",36.28770749980233,2000.14,23,24
grid_34.85_140.3-grid_34.9_140.4,grid_34.85_140.3,grid_34.85_140.3,"(140.3, 34.849999999999994)",grid_34.9_140.4,grid_34.9_140.4,"(140.4, 34.9)",10.69377366321713,2000.14,24,19
pt_35.0218_139.962-grid_36.7_141.4,pt_35.0218_139.962,"Maruyama, Japan","(139.962, 35.0218)",grid_36.7_141.4,grid_36.7_141.4,"(141.4, 36.7)",227.02246368346403,2000.14,23,22
pt_40.779265_-72.915383-pt_26.011201_-80.14949,pt_40.779265_-72.915383,"Brookhaven, United States","(-72.9153827, 40.7792653)",pt_26.011201_-80.14949,"Hollywood, United States","(-80.1494901, 26.0112014)",1769.1706724199566,2000.15,25,26
pt_26.011201_-80.14949-pt_17.732_-64.748,pt_26.011201_-80.14949,"Hollywood, United States","(-80.1494901, 26.0112014)",pt_17.732_-64.748,"St. Croix, nan","(-64.748, 17.732)",1834.5720828713468,2000.15,26,27
pt_18.37_-64.955-pt_40.779265_-72.915383,pt_18.37_-64.955,"US Virgin Islands, United States Virgin Islands","(-64.955, 18.37)",pt_40.779265_-72.915383,"Brookhaven, United States","(-72.9153827, 40.7792653)",2598.183250197723,2000.15,28,25
pt_9.525_-75.5817-grid_11.6_-77.4,pt_9.525_-75.5817,"Tolu, Colombia","(-75.5817, 9.525)",grid_11.6_-77.4,grid_11.6_-77.4,"(-77.4, 11.6)",303.77157476502566,2000.16,29,30
grid_11.6_-77.4-grid_13.7_-78.6,grid_11.6_-77.4,grid_11.6_-77.4,"(-77.4, 11.6)",grid_13.7_-78.6,grid_13.7_-78.6,"(-78.6, 13.7)",266.39005461177305,2000.16,30,31
grid_13.7_-78.6-grid_20.1_-80.6,grid_13.7_-78.6,grid_13.7_-78.6,"(-78.6, 13.7)",grid_20.1_-80.6,grid_20.1_-80.6,"(-80.6, 20.1)",739.6002271220987,2000.16,31,32
grid_20.1_-80.6-pt_26.011201_-80.14949,grid_20.1_-80.6,grid_20.1_-80.6,"(-80.6, 20.1)",pt_26.011201_-80.14949,"Hollywood, United States","(-80.1494901, 26.0112014)",656.2625862396523,2000.16,32,33
pt_21.1614_-86.8248-grid_20.1_-80.6,pt_21.1614_-86.8248,"Cancun , Mexico","(-86.8248, 21.1614)",grid_20.1_-80.6,grid_20.1_-80.6,"(-80.6, 20.1)",659.2776845321386,2000.16,34,32
pt_10.0022_-83.084-grid_13.7_-78.6,pt_10.0022_-83.084,"Puerto Limon, Costa Rica","(-83.084, 10.0022)",grid_13.7_-78.6,grid_13.7_-78.6,"(-78.6, 13.7)",637.1377613653947,2000.16,35,31
pt_9.443_-79.7545-grid_11.6_-77.4,pt_9.443_-79.7545,"Maria Chiquita, Panama","(-79.7545, 9.443)",grid_11.6_-77.4,grid_11.6_-77.4,"(-77.4, 11.6)",351.19396242163987,2000.16,36,30
pt_37.654_12.589-pt_32.8854_13.1802,pt_37.654_12.589,"Mazara, Italy","(12.589, 37.654)",pt_32.8854_13.1802,"Tripoli, Libya","(13.1802, 32.8854)",531.7795408264026,2000.17,37,38
pt_35.1208_-120.6194-grid_30.9_-120.3,pt_35.1208_-120.6194,"Grover Beach, United States","(-120.6194, 35.1208)",grid_30.9_-120.3,grid_30.9_-120.3,"(-120.3, 30.9)",469.0566935018786,2000.18,39,40
grid_30.9_-120.3-grid_19.5_-106.8,grid_30.9_-120.3,grid_30.9_-120.3,"(-120.3, 30.9)",grid_19.5_-106.8,grid_19.5_-106.8,"(-106.8, 19.5)",1853.2049033770727,2000.18,40,41
grid_19.5_-106.8-pt_9.0794_-79.9139,grid_19.5_-106.8,grid_19.5_-106.8,"(-106.8, 19.5)",pt_9.0794_-79.9139,"Amador, Panama","(-79.9139, 9.0794)",3115.679020463457,2000.18,41,42
pt_10.722251_-62.478069-pt_8.9333_-79.55,pt_10.722251_-62.478069,"Puerto Viejo, Venezuela","(-62.4780691, 10.7222514)",pt_8.9333_-79.55,"Amador, Panama","(-79.55, 8.9333)",1882.8725414157946,2000.18,43,44
pt_10.722251_-62.478069-pt_17.732_-64.748,pt_10.722251_-62.478069,"Puerto Viejo, Venezuela","(-62.4780691, 10.7222514)",pt_17.732_-64.748,"St. Croix, nan","(-64.748, 17.732)",813.2948481287106,2000.18,43,45
pt_32.5364_-117.0372-grid_30.9_-120.3,pt_32.5364_-117.0372,"Tijuana, Mexico","(-117.0372, 32.5364)",grid_30.9_-120.3,grid_30.9_-120.3,"(-120.3, 30.9)",358.52258330975775,2000.18,46,40
pt_23.2414_-106.4097-grid_19.5_-106.8,pt_23.2414_-106.4097,"Mazatlan, Mexico","(-106.4097, 23.2414)",grid_19.5_-106.8,grid_19.5_-106.8,"(-106.8, 19.5)",416.22787695511374,2000.18,47,41
pt_36.2306_140.3643-grid_44.8_159.0,pt_36.2306_140.3643,"Ajigaura, Japan","(140.3643, 36.2306)",grid_44.8_159.0,grid_44.8_159.0,"(159.0, 44.8)",1837.2958584835235,2000.19,48,49
grid_44.8_159.0-pt_47.9161_-122.3031,grid_44.8_159.0,grid_44.8_159.0,"(159.0, 44.8)",pt_47.9161_-122.3031,"Harbour Pointe, United States","(-122.3031, 47.9161)",5794.562631981478,2000.19,49,50
pt_34.3282_136.8297-grid_44.8_159.0,pt_34.3282_136.8297,"Shima, Japan","(136.8297, 34.3282)",grid_44.8_159.0,grid_44.8_159.0,"(159.0, 44.8)",2220.8323726739577,2000.19,51,49
grid_44.8_159.0-pt_35.1208_-120.6194,grid_44.8_159.0,grid_44.8_159.0,"(159.0, 44.8)",pt_35.1208_-120.6194,"Grover Beach, United States","(-120.6194, 35.1208)",6670.143833925212,2000.19,49,52
pt_35.1208_-120.6194-pt_47.9161_-122.3031,pt_35.1208_-120.6194,"Grover Beach, United States","(-120.6194, 35.1208)",pt_47.9161_-122.3031,"Harbour Pointe, United States","(-122.3031, 47.9161)",1427.9398383263497,2000.19,52,50
pt_36.2306_140.3643-pt_34.3282_136.8297,pt_36.2306_140.3643,"Ajigaura, Japan","(140.3643, 36.2306)",pt_34.3282_136.8297,"Shima, Japan","(136.8297, 34.3282)",384.60104211331316,2000.19,48,51
pt_40.7569_-72.9417-pt_50.7833_-4.5833,pt_40.7569_-72.9417,"Bellport, United States","(-72.9417, 40.7569)",pt_50.7833_-4.5833,"Widemouth Bay, Bude, Great Britain","(-4.5833, 50.7833)",5236.395059128723,2000.1,53,54
pt_55.4147_8.37955-pt_54.6186_-1.0686,pt_55.4147_8.37955,"Måde, Denmark","(8.37955, 55.4147)",pt_54.6186_-1.0686,"Redcar, Great Britain","(-1.0686, 54.6186)",610.3496532473575,2000.21,55,56
pt_52.4864_4.6572-pt_52.48_1.75,pt_52.4864_4.6572,"Beverwijk, Netherlands","(4.6572, 52.4864)",pt_52.48_1.75,"Lowestoft, Great Britain","(1.75, 52.48)",197.49182977410814,2000.22,57,58
pt_51.2336_2.9756-pt_51.3589_1.4394,pt_51.2336_2.9756,"Bredene, Belgium","(2.9756, 51.2336)",pt_51.3589_1.4394,"Broadstairs, Great Britain","(1.4394, 51.3589)",108.05043995933714,2000.23,59,60
pt_50.77_0.1-pt_49.8736_0.7994,pt_50.77_0.1,"Seaford, Great Britain","(0.1, 50.77)",pt_49.8736_0.7994,"Veules les Roses, France","(0.7994, 49.8736)",111.45823335968403,2000.23,61,62
pt_54.3_-5.55-pt_54.221_-4.691,pt_54.3_-5.55,"Ballyhornan, nan","(-5.55, 54.3)",pt_54.221_-4.691,"Peel, nan","(-4.691, 54.221)",56.66342350455934,2000.24,63,64
pt_28.0457_-16.5372-pt_36.2756_-6.0877,pt_28.0457_-16.5372,"El Medano, nan","(-16.5372, 28.0457)",pt_36.2756_-6.0877,"Conil, Spain","(-6.0877, 36.2756)",1341.6457410896646,2000.25,65,66
pt_-33.0461_-71.6197-pt_-12.238906_-76.784493,pt_-33.0461_-71.6197,"Valparaiso, Chile","(-71.6197, -33.0461)",pt_-12.238906_-76.784493,"Lurin, Peru","(-76.7844926, -12.2389059)",2363.7056639186576,2000.27,67,68
pt_-12.238906_-76.784493-pt_8.9333_-79.55,pt_-12.238906_-76.784493,"Lurin, Peru","(-76.7844926, -12.2389059)",pt_8.9333_-79.55,"Amador, Panama","(-79.55, 8.9333)",2361.294099005416,2000.27,68,69
pt_-23.9608_-46.3339-pt_-36.4833_-56.7,pt_-23.9608_-46.3339,"Santos, Brazil","(-46.3339, -23.9608)",pt_-36.4833_-56.7,"Las Toninas, Argentina","(-56.7, -36.4833)",1707.150183103124,2000.27,70,71
pt_-22.9111_-43.2056-pt_-23.9608_-46.3339,pt_-22.9111_-43.2056,"Rio de Janeiro, Brazil","(-43.2056, -22.9111)",pt_-23.9608_-46.3339,"Santos, Brazil","(-46.3339, -23.9608)",340.1517645576587,2000.27,72,70
pt_-22.9111_-43.2056-pt_-3.7275_-38.5275,pt_-22.9111_-43.2056,"Rio de Janeiro, Brazil","(-43.2056, -22.9111)",pt_-3.7275_-38.5275,"Fortaleza, Brazil","(-38.5275, -3.7275)",2181.5547454323705,2000.27,72,73
pt_17.732_-64.748-pt_-3.7275_-38.5275,pt_17.732_-64.748,"St. Croix, nan","(-64.748, 17.732)",pt_-3.7275_-38.5275,"Fortaleza, Brazil","(-38.5275, -3.7275)",3731.289925660903,2000.27,74,73
pt_17.732_-64.748-pt_10.722251_-62.478069,pt_17.732_-64.748,"St. Croix, nan","(-64.748, 17.732)",pt_10.722251_-62.478069,"Puerto Viejo, Venezuela","(-62.4780691, 10.7222514)",813.2948481287106,2000.27,74,75
pt_56.0424_12.721-pt_56.036_12.6106,pt_56.0424_12.721,"Helsingborg, Sweden","(12.721, 56.0424)",pt_56.036_12.6106,"Helsingõr, Denmark","(12.6106, 56.036)",6.917985875951488,2000.28,76,77
pt_55.5448_12.9237-pt_55.5925_12.6722,pt_55.5448_12.9237,"Brunkeflostrand, Sweden","(12.9237, 55.5448)",pt_55.5925_12.6722,"Dragõr, Denmark","(12.6722, 55.5925)",16.731278874711663,2000.29,78,79
pt_41.3133_19.4458-pt_39.6239_19.82,pt_41.3133_19.4458,"Durres, Albania","(19.4458, 41.3133)",pt_39.6239_19.82,"Corfu, Greece","(19.82, 39.6239)",190.26183411731267,2000.2,80,81
pt_54.7136_-5.8075-pt_55.6352_-4.7896,pt_54.7136_-5.8075,"Carrickfergus, Great Britain","(-5.8075, 54.7136)",pt_55.6352_-4.7896,"Saltcoats, Great Britain","(-4.7896, 55.6352)",121.37614917570161,2000.30,82,83
pt_53.3497_-6.2603-pt_53.8167_-3.05,pt_53.3497_-6.2603,"Dublin , Ireland","(-6.2603, 53.3497)",pt_53.8167_-3.05,"Blackpool, Great Britain","(-3.05, 53.8167)",218.854762201473,2000.31,84,85
pt_52.1667_-6.5833-pt_51.5467_-4.2122,pt_52.1667_-6.5833,"Kilmore Quay, Ireland","(-6.5833, 52.1667)",pt_51.5467_-4.2122,"Port Eynon Beach, Great Britain","(-4.2122, 51.5467)",177.31899017718587,2000.32,86,87
pt_-36.787_174.622-pt_-33.9022_151.2004,pt_-36.787_174.622,"Whenuapai, New Zealand","(174.622, -36.787)",pt_-33.9022_151.2004,"Alexandria, Australia, Australia","(151.2004, -33.9022)",2147.516334229868,2000.33,88,89
pt_-36.787_174.622-pt_-36.787_174.772,pt_-36.787_174.622,"Whenuapai, New Zealand","(174.622, -36.787)",pt_-36.787_174.772,"Takapuna, New Zealand","(174.772, -36.787)",13.388899947577682,2000.33,88,90
pt_-36.787_174.772-grid_-29.9_161.5,pt_-36.787_174.772,"Takapuna, New Zealand","(174.772, -36.787)",grid_-29.9_161.5,grid_-29.9_161.5,"(161.5, -29.9)",1450.370369078003,2000.33,90,91
grid_-29.9_161.5-grid_-29.4_162.25,grid_-29.9_161.5,grid_-29.9_161.5,"(161.5, -29.9)",grid_-29.4_162.25,grid_-29.4_162.25,"(162.25, -29.4)",91.35057362673618,2000.33,91,92
grid_-29.4_162.25-grid_-28.9_163.0,grid_-29.4_162.25,grid_-29.4_162.25,"(162.25, -29.4)",grid_-28.9_163.0,grid_-28.9_163.0,"(163.0, -28.9)",91.63141666258484,2000.33,92,93
grid_-28.9_163.0-pt_20.024_-155.822,grid_-28.9_163.0,grid_-28.9_163.0,"(163.0, -28.9)",pt_20.024_-155.822,"Spencer Beach, nan","(-155.822, 20.024)",6990.793302727733,2000.33,93,94
pt_20.024_-155.822-pt_35.3792_-120.8533,pt_20.024_-155.822,"Spencer Beach, nan","(-155.822, 20.024)",pt_35.3792_-120.8533,"Morro Bay, United States","(-120.8533, 35.3792)",3818.107375316484,2000.33,94,95
pt_45.5228_-122.9897-pt_35.3792_-120.8533,pt_45.5228_-122.9897,"Hillsboro, United States","(-122.9897, 45.5228)",pt_35.3792_-120.8533,"Morro Bay, United States","(-120.8533, 35.3792)",1140.749467945477,2000.33,96,95
pt_21.354973_-158.130271-pt_45.644_-123.94,pt_21.354973_-158.130271,"Kahe Point, nan","(-158.1302707, 21.354973)",pt_45.644_-123.94,"Nedonna Beach, United States","(-123.94, 45.644)",4111.440165649672,2000.33,97,98
pt_45.644_-123.94-pt_45.5228_-122.9897,pt_45.644_-123.94,"Nedonna Beach, United States","(-123.94, 45.644)",pt_45.5228_-122.9897,"Hillsboro, United States","(-122.9897, 45.5228)",75.3768093475781,2000.33,98,96
pt_-18.1333_178.4333-grid_-16.8_-173.65,pt_-18.1333_178.4333,"Suva, nan","(178.4333, -18.1333)",grid_-16.8_-173.65,grid_-16.8_-173.65,"(-173.65, -16.8)",853.6676404222075,2000.33,99,100
grid_-16.8_-173.65-grid_-16.4_-173.45,grid_-16.8_-173.65,grid_-16.8_-173.65,"(-173.65, -16.8)",grid_-16.4_-173.45,grid_-16.4_-173.45,"(-173.45, -16.4)",49.14212797191586,2000.33,100,101
grid_-16.4_-173.45-grid_-16.0_-173.25,grid_-16.4_-173.45,grid_-16.4_-173.45,"(-173.45, -16.4)",grid_-16.0_-173.25,grid_-16.0_-173.25,"(-173.25, -16.0)",49.159575596598245,2000.33,101,102
grid_-16.0_-173.25-pt_21.354973_-158.130271,grid_-16.0_-173.25,grid_-16.0_-173.25,"(-173.25, -16.0)",pt_21.354973_-158.130271,"Kahe Point, nan","(-158.1302707, 21.354973)",4449.640803375315,2000.33,102,97
pt_-18.1333_178.4333-grid_-28.9_163.0,pt_-18.1333_178.4333,"Suva, nan","(178.4333, -18.1333)",grid_-28.9_163.0,grid_-28.9_163.0,"(163.0, -28.9)",1972.9115333162822,2000.33,99,93
grid_-28.9_163.0-grid_-29.9_161.5,grid_-28.9_163.0,grid_-28.9_163.0,"(163.0, -28.9)",grid_-29.9_161.5,grid_-29.9_161.5,"(161.5, -29.9)",182.98021082303208,2000.33,93,91
grid_-29.9_161.5-pt_-33.765_151.2678,grid_-29.9_161.5,grid_-29.9_161.5,"(161.5, -29.9)",pt_-33.765_151.2678,"Brookvale, Australia","(151.2678, -33.765)",1058.5100480433707,2000.33,91,103
pt_-33.9022_151.2004-pt_-33.765_151.2678,pt_-33.9022_151.2004,"Alexandria, Australia, Australia","(151.2004, -33.9022)",pt_-33.765_151.2678,"Brookvale, Australia","(151.2678, -33.765)",16.447339338651034,2000.33,89,103
pt_51.2258_2.9194-pt_51.3589_1.4394,pt_51.2258_2.9194,"Ostend, Belgium","(2.9194, 51.2258)",pt_51.3589_1.4394,"Broadstairs, Great Britain","(1.4394, 51.3589)",104.29302400949463,2000.35,108,109
pt_52.1833_-6.5544-grid_52.0_-5.8,pt_52.1833_-6.5544,"Ballygrangans, Ireland","(-6.5544, 52.1833)",grid_52.0_-5.8,grid_52.0_-5.8,"(-5.8, 52.0)",55.581764300454715,2000.36,110,111
grid_52.0_-5.8-pt_51.8909_-5.2931,grid_52.0_-5.8,grid_52.0_-5.8,"(-5.8, 52.0)",pt_51.8909_-5.2931,"Whitesands Bay, Great Britain","(-5.2931, 51.8909)",36.90848081421734,2000.36,111,112
pt_50.824_-4.542-grid_52.0_-5.8,pt_50.824_-4.542,"Bude, Great Britain","(-4.542, 50.824)",grid_52.0_-5.8,grid_52.0_-5.8,"(-5.8, 52.0)",157.40761285253743,2000.36,113,111
grid_52.0_-5.8-pt_52.4036_-6.3572,grid_52.0_-5.8,grid_52.0_-5.8,"(-5.8, 52.0)",pt_52.4036_-6.3572,"Ballinesker, Ireland","(-6.3572, 52.4036)",58.88985210518569,2000.36,111,114
pt_26.011201_-80.14949-pt_18.453889_-66.0825,pt_26.011201_-80.14949,"Hollywood, United States","(-80.1494901, 26.0112014)",pt_18.453889_-66.0825,"Miramar, Puerto Rico","(-66.0825, 18.453889)",1672.5225908321572,2000.3,115,116
pt_18.453889_-66.0825-pt_17.732_-64.748,pt_18.453889_-66.0825,"Miramar, Puerto Rico","(-66.0825, 18.453889)",pt_17.732_-64.748,"St. Croix, nan","(-64.748, 17.732)",162.28611330103308,2000.3,116,117
pt_-3.7275_-38.5275-grid_8.2_-50.1,pt_-3.7275_-38.5275,"Fortaleza, Brazil","(-38.5275, -3.7275)",grid_8.2_-50.1,grid_8.2_-50.1,"(-50.1, 8.2)",1841.3811677440422,2000.3,118,119
grid_8.2_-50.1-grid_14.0_-58.8,grid_8.2_-50.1,grid_8.2_-50.1,"(-50.1, 8.2)",grid_14.0_-58.8,grid_14.0_-58.8,"(-58.8, 14.0)",1146.3458132479739,2000.3,119,120
grid_14.0_-58.8-grid_15.0_-60.3,grid_14.0_-58.8,grid_14.0_-58.8,"(-58.8, 14.0)",grid_15.0_-60.3,grid_15.0_-60.3,"(-60.3, 15.0)",195.924225668681,2000.3,120,121
grid_15.0_-60.3-grid_16.6_-62.6,grid_15.0_-60.3,grid_15.0_-60.3,"(-60.3, 15.0)",grid_16.6_-62.6,grid_16.6_-62.6,"(-62.6, 16.6)",303.423000094836,2000.3,121,122
grid_16.6_-62.6-pt_17.732_-64.748,grid_16.6_-62.6,grid_16.6_-62.6,"(-62.6, 16.6)",pt_17.732_-64.748,"St. Croix, nan","(-64.748, 17.732)",260.61063583062054,2000.3,122,117
pt_14.6153_-61.0019-grid_15.0_-60.3,pt_14.6153_-61.0019,"Le Lemantin, nan","(-61.0019, 14.6153)",grid_15.0_-60.3,grid_15.0_-60.3,"(-60.3, 15.0)",86.72163674332845,2000.3,123,121
pt_10.6833_-61.6333-grid_14.0_-58.8,pt_10.6833_-61.6333,"Chaguaramas, nan","(-61.6333, 10.6833)",grid_14.0_-58.8,grid_14.0_-58.8,"(-58.8, 14.0)",479.11905403252484,2000.3,124,120
pt_4.9386_-52.335-grid_8.2_-50.1,pt_4.9386_-52.335,"Cayenne, nan","(-52.335, 4.9386)",grid_8.2_-50.1,grid_8.2_-50.1,"(-50.1, 8.2)",437.22494932197907,2000.3,125,119
pt_10.620656_-66.715195-grid_11.2_-66.5,pt_10.620656_-66.715195,"Camuri, Venezuela","(-66.7151951, 10.6206563)",grid_11.2_-66.5,grid_11.2_-66.5,"(-66.5, 11.2)",68.26517821253557,2000.3,126,127
grid_11.2_-66.5-grid_16.6_-62.6,grid_11.2_-66.5,grid_11.2_-66.5,"(-66.5, 11.2)",grid_16.6_-62.6,grid_16.6_-62.6,"(-62.6, 16.6)",731.0698220483604,2000.3,127,122
pt_12.108_-68.935-grid_11.2_-66.5,pt_12.108_-68.935,"Willemstad, nan","(-68.935, 12.108)",grid_11.2_-66.5,grid_11.2_-66.5,"(-66.5, 11.2)",283.8712821092994,2000.3,128,127
pt_14.9177_-23.5092-grid_-4.0_-28.5,pt_14.9177_-23.5092,"Praia, nan","(-23.5092, 14.9177)",grid_-4.0_-28.5,grid_-4.0_-28.5,"(-28.5, -4.0)",2163.3978621926676,2000.5,129,130
grid_-4.0_-28.5-pt_-36.4833_-56.7,grid_-4.0_-28.5,grid_-4.0_-28.5,"(-28.5, -4.0)",pt_-36.4833_-56.7,"Las Toninas, Argentina","(-56.7, -36.4833)",4611.477944651488,2000.5,130,131
pt_14.916281_-23.50951-grid_15.0_-23.4,pt_14.916281_-23.50951,"Praia, nan","(-23.5095095, 14.9162811)",grid_15.0_-23.4,grid_15.0_-23.4,"(-23.4, 15.0)",14.985998822738921,2000.5,132,133
grid_15.0_-23.4-grid_28.2_-17.0,grid_15.0_-23.4,grid_15.0_-23.4,"(-23.4, 15.0)",grid_28.2_-17.0,grid_28.2_-17.0,"(-17.0, 28.2)",1603.9310963269947,2000.5,133,134
grid_28.2_-17.0-pt_38.707751_-9.136592,grid_28.2_-17.0,grid_28.2_-17.0,"(-17.0, 28.2)",pt_38.707751_-9.136592,"Lisbon, Portugal","(-9.1365919, 38.7077507)",1374.4202294994177,2000.5,134,135
pt_14.9177_-23.5092-grid_15.0_-23.4,pt_14.9177_-23.5092,"Praia, nan","(-23.5092, 14.9177)",grid_15.0_-23.4,grid_15.0_-23.4,"(-23.4, 15.0)",14.863107117772497,2000.5,129,133
grid_15.0_-23.4-pt_14.7319_-17.4572,grid_15.0_-23.4,grid_15.0_-23.4,"(-23.4, 15.0)",pt_14.7319_-17.4572,"Dakar, Senegal","(-17.4572, 14.7319)",640.2155162467732,2000.5,133,136
pt_-3.7275_-38.5275-grid_-4.0_-28.5,pt_-3.7275_-38.5275,"Fortaleza, Brazil","(-38.5275, -3.7275)",grid_-4.0_-28.5,grid_-4.0_-28.5,"(-28.5, -4.0)",1114.1360236951464,2000.5,137,130
pt_28.0457_-16.5372-grid_28.2_-17.0,pt_28.0457_-16.5372,"El Medano, nan","(-16.5372, 28.0457)",grid_28.2_-17.0,grid_28.2_-17.0,"(-17.0, 28.2)",48.57911410642084,2000.5,138,134
pt_60.1708_24.9375-pt_60.4667_26.9458,pt_60.1708_24.9375,"Helsinki, Finland","(24.9375, 60.1708)",pt_60.4667_26.9458,"Kotka, Finland","(26.9458, 60.4667)",115.77133345308886,2000.6,139,140
pt_59.806618_28.494532-pt_60.4667_26.9458,pt_59.806618_28.494532,"Logi, Russia","(28.494532, 59.806618)",pt_60.4667_26.9458,"Kotka, Finland","(26.9458, 60.4667)",113.19955917069004,2000.6,141,140
pt_43.2114_27.9111-grid_44.6_31.1,pt_43.2114_27.9111,"Varna, Bulgaria","(27.9111, 43.2114)",grid_44.6_31.1,grid_44.6_31.1,"(31.1, 44.6)",299.01456997932223,2000.7,142,143
grid_44.6_31.1-pt_46.4775_30.7326,grid_44.6_31.1,grid_44.6_31.1,"(31.1, 44.6)",pt_46.4775_30.7326,"Odessa, Ukraine","(30.7326, 46.4775)",210.63277240471777,2000.7,143,144
pt_44.7167_37.7667-grid_44.6_31.1,pt_44.7167_37.7667,"Novorossijsk, Russia","(37.7667, 44.7167)",grid_44.6_31.1,grid_44.6_31.1,"(31.1, 44.6)",528.7738782865985,2000.7,145,143
pt_26.011201_-80.14949-pt_25.0781_-77.3386,pt_26.011201_-80.14949,"Hollywood, United States","(-80.1494901, 26.0112014)",pt_25.0781_-77.3386,"Nassau, nan","(-77.3386, 25.0781)",300.80452069781995,2001.11,146,147
pt_11.5442_-72.9069-pt_11.7167_-70.1833,pt_11.5442_-72.9069,"Rio Hacha, Colombia","(-72.9069, 11.5442)",pt_11.7167_-70.1833,"Punto Fijo, Venezuela","(-70.1833, 11.7167)",297.6162439688467,2001.11,148,149
pt_10.4236_-75.5253-pt_11.5442_-72.9069,pt_10.4236_-75.5253,"Cartagena, Colombia","(-75.5253, 10.4236)",pt_11.5442_-72.9069,"Rio Hacha, Colombia","(-72.9069, 11.5442)",311.86048840625045,2001.11,150,148
pt_10.4236_-75.5253-pt_9.13_-77.93,pt_10.4236_-75.5253,"Cartagena, Colombia","(-75.5253, 10.4236)",pt_9.13_-77.93,"Ustupo, Panama","(-77.93, 9.13)",300.12256947715963,2001.11,150,151
pt_9.443_-79.7545-pt_9.13_-77.93,pt_9.443_-79.7545,"Maria Chiquita, Panama","(-79.7545, 9.443)",pt_9.13_-77.93,"Ustupo, Panama","(-77.93, 9.13)",203.42484109660464,2001.11,152,151
pt_10.0022_-83.084-pt_9.443_-79.7545,pt_10.0022_-83.084,"Puerto Limon, Costa Rica","(-83.084, 10.0022)",pt_9.443_-79.7545,"Maria Chiquita, Panama","(-79.7545, 9.443)",370.54507843963114,2001.11,153,152
pt_10.0022_-83.084-pt_12.0131_-83.7649,pt_10.0022_-83.084,"Puerto Limon, Costa Rica","(-83.084, 10.0022)",pt_12.0131_-83.7649,"Bluefields, Nicaragua","(-83.7649, 12.0131)",234.55072106625238,2001.11,153,154
pt_12.0131_-83.7649-pt_14.0297_-83.3833,pt_12.0131_-83.7649,"Bluefields, Nicaragua","(-83.7649, 12.0131)",pt_14.0297_-83.3833,"Puerto Cabezas, Nicaragua","(-83.3833, 14.0297)",226.90527007126613,2001.11,154,155
pt_14.0297_-83.3833-pt_15.2664_-83.7725,pt_14.0297_-83.3833,"Puerto Cabezas, Nicaragua","(-83.3833, 14.0297)",pt_15.2664_-83.7725,"Puerto Lempira, Honduras","(-83.7725, 15.2664)",143.11388026348732,2001.11,155,156
pt_15.2664_-83.7725-pt_15.9186_-85.9533,pt_15.2664_-83.7725,"Puerto Lempira, Honduras","(-83.7725, 15.2664)",pt_15.9186_-85.9533,"Trujillo, Honduras","(-85.9533, 15.9186)",244.7665207672195,2001.11,156,157
pt_15.8514_-87.9427-pt_15.9186_-85.9533,pt_15.8514_-87.9427,"Puerto Cortes, Honduras","(-87.9427, 15.8514)",pt_15.9186_-85.9533,"Trujillo, Honduras","(-85.9533, 15.9186)",213.1844869911477,2001.11,158,157
pt_25.0781_-77.3386-pt_24.435324_-75.536051,pt_25.0781_-77.3386,"Nassau, nan","(-77.3386, 25.0781)",pt_24.435324_-75.536051,"Cat Island, nan","(-75.536051, 24.435324)",195.73059516384816,2001.11,147,159
pt_15.73_-88.6-pt_15.8514_-87.9427,pt_15.73_-88.6,"Puerto Barrios, Guatemala","(-88.6, 15.73)",pt_15.8514_-87.9427,"Puerto Cortes, Honduras","(-87.9427, 15.8514)",71.69620655753623,2001.11,160,158
pt_15.73_-88.6-pt_17.4986_-88.1886,pt_15.73_-88.6,"Puerto Barrios, Guatemala","(-88.6, 15.73)",pt_17.4986_-88.1886,"Belize City, nan","(-88.1886, 17.4986)",200.5841986888041,2001.11,160,161
pt_17.4986_-88.1886-pt_20.2175_-87.4627,pt_17.4986_-88.1886,"Belize City, nan","(-88.1886, 17.4986)",pt_20.2175_-87.4627,"Tulum, Mexico","(-87.4627, 20.2175)",310.52373031201637,2001.11,161,162
pt_20.2175_-87.4627-pt_21.1614_-86.8248,pt_20.2175_-87.4627,"Tulum, Mexico","(-87.4627, 20.2175)",pt_21.1614_-86.8248,"Cancun , Mexico","(-86.8248, 21.1614)",123.84392085699574,2001.11,162,163
pt_21.1614_-86.8248-pt_25.9303_-80.1697,pt_21.1614_-86.8248,"Cancun , Mexico","(-86.8248, 21.1614)",pt_25.9303_-80.1697,"North Miami Beach, United States","(-80.1697, 25.9303)",860.3547681444269,2001.11,163,164
pt_22.685583_-74.185642-pt_24.435324_-75.536051,pt_22.685583_-74.185642,"Crooked Island, nan","(-74.185642, 22.685583)",pt_24.435324_-75.536051,"Cat Island, nan","(-75.536051, 24.435324)",237.82127421835222,2001.11,165,159
pt_21.779512_-72.225489-pt_22.685583_-74.185642,pt_21.779512_-72.225489,"Providenciales, nan","(-72.225489, 21.779512)",pt_22.685583_-74.185642,"Crooked Island, nan","(-74.185642, 22.685583)",225.61079966848808,2001.11,166,165
pt_19.7958_-70.6944-pt_21.779512_-72.225489,pt_19.7958_-70.6944,"Puerto Plata, Dominican Republic","(-70.6944, 19.7958)",pt_21.779512_-72.225489,"Providenciales, nan","(-72.225489, 21.779512)",271.3737017186279,2001.11,167,166
pt_19.7958_-70.6944-pt_18.5586_-68.3694,pt_19.7958_-70.6944,"Puerto Plata, Dominican Republic","(-70.6944, 19.7958)",pt_18.5586_-68.3694,"Punta Cana, Dominican Republic","(-68.3694, 18.5586)",280.27323994661384,2001.11,167,168
pt_18.4653_-66.1167-pt_18.5586_-68.3694,pt_18.4653_-66.1167,"San Juan, Puerto Rico","(-66.1167, 18.4653)",pt_18.5586_-68.3694,"Punta Cana, Dominican Republic","(-68.3694, 18.5586)",238.09673112848105,2001.11,169,168
pt_18.4653_-66.1167-pt_12.108_-68.935,pt_18.4653_-66.1167,"San Juan, Puerto Rico","(-66.1167, 18.4653)",pt_12.108_-68.935,"Willemstad, nan","(-68.935, 12.108)",765.7387967403732,2001.11,169,170
pt_11.7167_-70.1833-pt_12.108_-68.935,pt_11.7167_-70.1833,"Punto Fijo, Venezuela","(-70.1833, 11.7167)",pt_12.108_-68.935,"Willemstad, nan","(-68.935, 12.108)",142.70961490835745,2001.11,149,170
pt_22.3124_114.175294-pt_25.154089_121.392922,pt_22.3124_114.175294,"nan, Hong Kong","(114.175294, 22.3124)",pt_25.154089_121.392922,"Pa Li, Taiwan","(121.392922, 25.154089)",800.2065653697626,2001.15,171,172
pt_25.154089_121.392922-pt_36.83459_126.194528,pt_25.154089_121.392922,"Pa Li, Taiwan","(121.392922, 25.154089)",pt_36.83459_126.194528,"Shindu Ri, South Korea","(126.19452832107433, 36.834590003953686)",1373.2688424920275,2001.15,172,173
pt_36.385565_140.616861-pt_36.83459_126.194528,pt_36.385565_140.616861,"Ajigaura, Japan","(140.616861, 36.385565)",pt_36.83459_126.194528,"Shindu Ri, South Korea","(126.19452832107433, 36.834590003953686)",1290.0190980660707,2001.15,174,173
pt_34.3282_136.8297-pt_36.385565_140.616861,pt_34.3282_136.8297,"Shima, Japan","(136.8297, 34.3282)",pt_36.385565_140.616861,"Ajigaura, Japan","(140.616861, 36.385565)",412.96460877186007,2001.15,175,174
pt_34.3282_136.8297-pt_25.154089_121.392922,pt_34.3282_136.8297,"Shima, Japan","(136.8297, 34.3282)",pt_25.154089_121.392922,"Pa Li, Taiwan","(121.392922, 25.154089)",1803.134517460679,2001.15,175,172
pt_34.3282_136.8297-pt_34.95_139.95,pt_34.3282_136.8297,"Shima, Japan","(136.8297, 34.3282)",pt_34.95_139.95,"Chikura, Japan","(139.95, 34.95)",294.2752245320086,2001.16,176,177
pt_14.352874_120.789294-pt_22.3124_114.175294,pt_14.352874_120.789294,"Capipisa, Philippines","(120.789294, 14.352874)",pt_22.3124_114.175294,"nan, Hong Kong","(114.175294, 22.3124)",1124.2140865949598,2001.16,178,179
pt_35.172971_129.071611-pt_34.3282_136.8297,pt_35.172971_129.071611,"Pusan, South Korea","(129.071611, 35.172971)",pt_34.3282_136.8297,"Shima, Japan","(136.8297, 34.3282)",716.3284903254353,2001.16,180,176
pt_35.172971_129.071611-pt_30.898341_121.919541,pt_35.172971_129.071611,"Pusan, South Korea","(129.071611, 35.172971)",pt_30.898341_121.919541,"Nanhui, China","(121.919541, 30.898341)",818.8320963541095,2001.16,180,181
pt_30.898341_121.919541-pt_25.1667_121.4333,pt_30.898341_121.919541,"Nanhui, China","(121.919541, 30.898341)",pt_25.1667_121.4333,"Tanshui, Taiwan","(121.4333, 25.1667)",636.9775646257782,2001.16,181,182
pt_22.6333_120.35-pt_25.1667_121.4333,pt_22.6333_120.35,"Fangshan, Taiwan","(120.35, 22.6333)",pt_25.1667_121.4333,"Tanshui, Taiwan","(121.4333, 25.1667)",301.4917813189393,2001.16,183,182
pt_22.3124_114.175294-pt_22.6333_120.35,pt_22.3124_114.175294,"nan, Hong Kong","(114.175294, 22.3124)",pt_22.6333_120.35,"Fangshan, Taiwan","(120.35, 22.6333)",636.4246322561783,2001.16,179,183
pt_22.3124_114.175294-pt_1.353925_103.974697,pt_22.3124_114.175294,"nan, Hong Kong","(114.175294, 22.3124)",pt_1.353925_103.974697,"Changi South, Singapore","(103.9746973, 1.3539247)",2568.291994208894,2001.16,179,184
pt_1.353925_103.974697-pt_14.352874_120.789294,pt_1.353925_103.974697,"Changi South, Singapore","(103.9746973, 1.3539247)",pt_14.352874_120.789294,"Capipisa, Philippines","(120.789294, 14.352874)",2342.9759475049805,2001.16,184,178
pt_34.95_139.95-pt_14.352874_120.789294,pt_34.95_139.95,"Chikura, Japan","(139.95, 34.95)",pt_14.352874_120.789294,"Capipisa, Philippines","(120.789294, 14.352874)",2982.5613369128546,2001.16,177,178
pt_22.228_113.933-grid_26.3_126.0,pt_22.228_113.933,"Tong Fuk, Hong Kong","(113.933, 22.228)",grid_26.3_126.0,grid_26.3_126.0,"(126.0, 26.3)",1304.9432334791293,2001.17,186,187
grid_26.3_126.0-pt_35.172971_129.071611,grid_26.3_126.0,grid_26.3_126.0,"(126.0, 26.3)",pt_35.172971_129.071611,"Pusan, South Korea","(129.071611, 35.172971)",1026.5732131475604,2001.17,187,188
pt_35.172971_129.071611-pt_35.0432_139.84,pt_35.172971_129.071611,"Pusan, South Korea","(129.071611, 35.172971)",pt_35.0432_139.84,"Minami Boso, Japan","(139.84, 35.0432)",981.3582341775716,2001.17,188,189
pt_22.228_113.933-pt_24.85_121.8167,pt_22.228_113.933,"Tong Fuk, Hong Kong","(113.933, 22.228)",pt_24.85_121.8167,"Toucheng, Taiwan","(121.8167, 24.85)",855.5880178809638,2001.17,186,190
pt_24.85_121.8167-grid_26.3_126.0,pt_24.85_121.8167,"Toucheng, Taiwan","(121.8167, 24.85)",grid_26.3_126.0,grid_26.3_126.0,"(126.0, 26.3)",449.9329848751921,2001.17,190,187
grid_26.3_126.0-pt_35.0432_139.84,grid_26.3_126.0,grid_26.3_126.0,"(126.0, 26.3)",pt_35.0432_139.84,"Minami Boso, Japan","(139.84, 35.0432)",1639.9210603050535,2001.17,187,189
pt_26.577433_-78.857533-pt_26.3686_-80.1,pt_26.577433_-78.857533,"Hawksbill, nan","(-78.857533, 26.577433)",pt_26.3686_-80.1,"Boca Raton , United States","(-80.1, 26.3686)",126.03204592510488,2001.20,191,192
pt_26.719713_-78.010855-pt_26.577433_-78.857533,pt_26.719713_-78.010855,"Riding Point, nan","(-78.010855, 26.719713)",pt_26.577433_-78.857533,"Hawksbill, nan","(-78.857533, 26.577433)",85.75777822553518,2001.20,193,191
pt_26.9125_-77.8219-pt_26.719713_-78.010855,pt_26.9125_-77.8219,"Crown Haven, nan","(-77.8219, 26.9125)",pt_26.719713_-78.010855,"Riding Point, nan","(-78.010855, 26.719713)",28.445896181334497,2001.20,194,193
pt_26.9125_-77.8219-pt_26.00529_-77.405494,pt_26.9125_-77.8219,"Crown Haven, nan","(-77.8219, 26.9125)",pt_26.00529_-77.405494,"Sandy Point, nan","(-77.405494, 26.00529)",108.75438361772765,2001.20,194,195
pt_25.405513_-76.79067-pt_26.00529_-77.405494,pt_25.405513_-76.79067,"Current, nan","(-76.79067, 25.405513)",pt_26.00529_-77.405494,"Sandy Point, nan","(-77.405494, 26.00529)",90.67932254960547,2001.20,196,195
pt_25.069512_-77.450444-pt_25.405513_-76.79067,pt_25.069512_-77.450444,"Caves Point, nan","(-77.450444, 25.069512)",pt_25.405513_-76.79067,"Current, nan","(-76.79067, 25.405513)",76.18649828790326,2001.20,197,196
pt_26.577433_-78.857533-pt_25.069512_-77.450444,pt_26.577433_-78.857533,"Hawksbill, nan","(-78.857533, 26.577433)",pt_25.069512_-77.450444,"Caves Point, nan","(-77.450444, 25.069512)",218.65547904112236,2001.20,191,197
pt_27.3225_-80.3342-pt_26.577433_-78.857533,pt_27.3225_-80.3342,"Spanish River Park, United States","(-80.3342, 27.3225)",pt_26.577433_-78.857533,"Hawksbill, nan","(-78.857533, 26.577433)",168.271629411878,2001.20,198,191
pt_43.2114_27.9111-grid_44.6_31.1,pt_43.2114_27.9111,"Varna, Bulgaria","(27.9111, 43.2114)",grid_44.6_31.1,grid_44.6_31.1,"(31.1, 44.6)",299.01456997932223,2001.21,199,200
grid_44.6_31.1-pt_46.4775_30.7326,grid_44.6_31.1,grid_44.6_31.1,"(31.1, 44.6)",pt_46.4775_30.7326,"Odessa, Ukraine","(30.7326, 46.4775)",210.63277240471777,2001.21,200,201
pt_44.7167_37.7667-grid_44.6_31.1,pt_44.7167_37.7667,"Novorossijsk, Russia","(37.7667, 44.7167)",grid_44.6_31.1,grid_44.6_31.1,"(31.1, 44.6)",528.7738782865985,2001.21,202,200
pt_57.245803_10.546856-pt_57.287929_10.91751,pt_57.245803_10.546856,"Lyngas, Denmark","(10.546856, 57.245803)",pt_57.287929_10.91751,"Vestero, Denmark","(10.91751, 57.287929)",22.8507013222122,2001.23,203,204
pt_57.321261_11.13045-pt_57.287929_10.91751,pt_57.321261_11.13045,"Osterby, Denmark","(11.13045, 57.321261)",pt_57.287929_10.91751,"Vestero, Denmark","(10.91751, 57.287929)",13.360918593440141,2001.23,205,204
pt_57.321261_11.13045-pt_56.683507_12.680755,pt_57.321261_11.13045,"Osterby, Denmark","(11.13045, 57.321261)",pt_56.683507_12.680755,"Skalvik, Sweden","(12.680755, 56.683507)",117.9752439450634,2001.23,205,206
pt_57.3327_10.5267-pt_57.4875_12.0764,pt_57.3327_10.5267,"Saeby, Denmark","(10.5267, 57.3327)",pt_57.4875_12.0764,"Kungsbacka, Sweden","(12.0764, 57.4875)",94.7201026641853,2001.26,207,208
pt_55.2047_-6.6522-pt_53.6469_-3.0081,pt_55.2047_-6.6522,"Portrush, Great Britain","(-6.6522, 55.2047)",pt_53.6469_-3.0081,"Ainsdale Sands, Great Britain","(-3.0081, 53.6469)",293.2131305880556,2001.2,209,210
pt_44.5711_-63.5583-grid_55.6_-14.2,pt_44.5711_-63.5583,"Halifax, Canada","(-63.5583, 44.5711)",grid_55.6_-14.2,grid_55.6_-14.2,"(-14.2, 55.6)",3649.814090517167,2001.2,211,212
grid_55.6_-14.2-pt_55.2047_-6.6522,grid_55.6_-14.2,grid_55.6_-14.2,"(-14.2, 55.6)",pt_55.2047_-6.6522,"Portrush, Great Britain","(-6.6522, 55.2047)",479.9501351705163,2001.2,212,209
pt_53.3965_-6.1266-pt_53.6469_-3.0081,pt_53.3965_-6.1266,"Baldoyle, Ireland","(-6.1266, 53.3965)",pt_53.6469_-3.0081,"Ainsdale Sands, Great Britain","(-3.0081, 53.6469)",208.68663731315482,2001.2,213,210
pt_53.3965_-6.1266-pt_44.5711_-63.5583,pt_53.3965_-6.1266,"Baldoyle, Ireland","(-6.1266, 53.3965)",pt_44.5711_-63.5583,"Halifax, Canada","(-63.5583, 44.5711)",4195.464704298906,2001.2,213,211
pt_44.5711_-63.5583-pt_42.4667_-70.95,pt_44.5711_-63.5583,"Halifax, Canada","(-63.5583, 44.5711)",pt_42.4667_-70.95,"Lynn, United States","(-70.95, 42.4667)",641.4373399830199,2001.2,211,214
pt_63.442_-18.914-grid_55.6_-14.2,pt_63.442_-18.914,"nan, Iceland","(-18.914, 63.442)",grid_55.6_-14.2,grid_55.6_-14.2,"(-14.2, 55.6)",912.8602871077566,2001.2,215,212
pt_32.08_34.78-pt_37.5027_15.0873,pt_32.08_34.78,"Tel Aviv, Israel","(34.78, 32.08)",pt_37.5027_15.0873,"Catania, Italy","(15.0873, 37.5027)",1895.6826386054984,2001.3,216,217
pt_35.5167_24.0167-pt_37.5027_15.0873,pt_35.5167_24.0167,"Chania, Greece","(24.0167, 35.5167)",pt_37.5027_15.0873,"Catania, Italy","(15.0873, 37.5027)",829.3203573376472,2001.3,218,217
pt_32.8192_34.9992-grid_33.3_33.2,pt_32.8192_34.9992,"Haifa, Israel","(34.9992, 32.8192)",grid_33.3_33.2,grid_33.3_33.2,"(33.2, 33.3)",176.2829703535838,2001.3,219,220
grid_33.3_33.2-grid_35.8_24.6,grid_33.3_33.2,grid_33.3_33.2,"(33.2, 33.3)",grid_35.8_24.6,grid_35.8_24.6,"(24.6, 35.8)",836.2850076766696,2001.3,220,221
grid_35.8_24.6-pt_35.5167_24.0167,grid_35.8_24.6,grid_35.8_24.6,"(24.6, 35.8)",pt_35.5167_24.0167,"Chania, Greece","(24.0167, 35.5167)",61.463698110823024,2001.3,221,218
pt_32.8192_34.9992-pt_32.08_34.78,pt_32.8192_34.9992,"Haifa, Israel","(34.9992, 32.8192)",pt_32.08_34.78,"Tel Aviv, Israel","(34.78, 32.08)",84.52479918849819,2001.3,219,216
pt_35.5167_24.0167-pt_37.9842_23.7281,pt_35.5167_24.0167,"Chania, Greece","(24.0167, 35.5167)",pt_37.9842_23.7281,"Athens, Greece","(23.7281, 37.9842)",275.03560808844634,2001.3,218,222
pt_34.9167_33.6333-grid_33.3_33.2,pt_34.9167_33.6333,"Pentaskhinos, Cyprus","(33.6333, 34.9167)",grid_33.3_33.2,grid_33.3_33.2,"(33.2, 33.3)",183.73313061073313,2001.3,223,220
pt_41.01_28.9603-grid_38.2_24.6,pt_41.01_28.9603,"Istanbul, Turkey","(28.9603, 41.01)",grid_38.2_24.6,grid_38.2_24.6,"(24.6, 38.2)",487.29525795223174,2001.3,224,225
grid_38.2_24.6-grid_35.8_24.6,grid_38.2_24.6,grid_38.2_24.6,"(24.6, 38.2)",grid_35.8_24.6,grid_35.8_24.6,"(24.6, 35.8)",266.3464524398863,2001.3,225,221
pt_37.9842_23.7281-grid_38.2_24.6,pt_37.9842_23.7281,"Athens, Greece","(23.7281, 37.9842)",grid_38.2_24.6,grid_38.2_24.6,"(24.6, 38.2)",80.1479671356732,2001.3,222,225
pt_35.0432_139.84-grid_34.5_140.1,pt_35.0432_139.84,"Minami Boso, Japan","(139.84, 35.0432)",grid_34.5_140.1,grid_34.5_140.1,"(140.1, 34.5)",64.79049572050283,2001.6,226,227
grid_34.5_140.1-grid_13.9_146.8,grid_34.5_140.1,grid_34.5_140.1,"(140.1, 34.5)",grid_13.9_146.8,grid_13.9_146.8,"(146.8, 13.9)",2379.4942043678834,2001.6,227,228
grid_13.9_146.8-pt_-33.74_151.2428,grid_13.9_146.8,grid_13.9_146.8,"(146.8, 13.9)",pt_-33.74_151.2428,"Oxford Falls, Australia","(151.2428, -33.74)",5293.143155599826,2001.6,228,229
pt_-33.74_151.2428-pt_-33.869844_151.208285,pt_-33.74_151.2428,"Oxford Falls, Australia","(151.2428, -33.74)",pt_-33.869844_151.208285,"Sydney, Australia","(151.2082848, -33.8698439)",14.752480301851127,2001.6,229,230
pt_34.3282_136.8297-pt_35.0432_139.84,pt_34.3282_136.8297,"Shima, Japan","(136.8297, 34.3282)",pt_35.0432_139.84,"Minami Boso, Japan","(139.84, 35.0432)",287.0145179641526,2001.6,231,226
pt_13.54325_144.808333-grid_13.9_146.8,pt_13.54325_144.808333,"Tanguisson, nan","(144.8083333333, 13.54325)",grid_13.9_146.8,grid_13.9_146.8,"(146.8, 13.9)",219.00911572987948,2001.6,232,228
pt_13.511_144.809-grid_13.9_146.8,pt_13.511_144.809,"Tumon Bay, nan","(144.809, 13.511)",grid_13.9_146.8,grid_13.9_146.8,"(146.8, 13.9)",219.62379806250274,2001.6,233,228
pt_34.3282_136.8297-grid_34.5_140.1,pt_34.3282_136.8297,"Shima, Japan","(136.8297, 34.3282)",grid_34.5_140.1,grid_34.5_140.1,"(140.1, 34.5)",301.2421451405044,2001.6,231,227
pt_51.293166_-3.013273-pt_40.1914_-74.0151,pt_51.293166_-3.013273,"Brean, Great Britain","(-3.013273, 51.293166)",pt_40.1914_-74.0151,"Avon, United States","(-74.0151, 40.1914)",5437.2030634637385,2001.7,235,236
pt_51.092962_-4.227454-pt_40.1186_-74.0447,pt_51.092962_-4.227454,"Saunton Sands, Great Britain","(-4.227454, 51.092962)",pt_40.1186_-74.0447,"Manasquan, United States","(-74.0447, 40.1186)",5368.622934085524,2001.7,237,238
pt_40.9028_-73.3442-pt_50.0759_-5.7024,pt_40.9028_-73.3442,"Northport, United States","(-73.3442, 40.9028)",pt_50.0759_-5.7024,"Sennen Cove, Great Britain","(-5.7024, 50.0759)",5199.338012267068,2001.9,239,240
pt_50.043_-5.654-pt_48.5344_-2.7708,pt_50.043_-5.654,"Porthcurno, Great Britain","(-5.654, 50.043)",pt_48.5344_-2.7708,"Plerin, France","(-2.7708, 48.5344)",268.5619067582881,2001.9,241,242
pt_48.5344_-2.7708-pt_40.6031_-73.6569,pt_48.5344_-2.7708,"Plerin, France","(-2.7708, 48.5344)",pt_40.6031_-73.6569,"Island Park, United States","(-73.6569, 40.6031)",5494.754403418568,2001.9,242,243
pt_35.172971_129.071611-pt_33.8834_130.8752,pt_35.172971_129.071611,"Pusan, South Korea","(129.071611, 35.172971)",pt_33.8834_130.8752,"Kitakyushu, Japan","(130.8752, 33.8834)",218.8144585528114,2002.11,244,245
pt_33.602194_130.396449-pt_35.172971_129.071611,pt_33.602194_130.396449,"Fukoka, Japan","(130.396449, 33.602194)",pt_35.172971_129.071611,"Pusan, South Korea","(129.071611, 35.172971)",212.61013022324173,2002.11,246,244
pt_34.95_139.95-pt_36.8019_140.751,pt_34.95_139.95,"Chikura, Japan","(139.95, 34.95)",pt_36.8019_140.751,"Kitaibaraki, Japan","(140.751, 36.8019)",217.83792890443945,2002.1,247,248
pt_34.95_139.95-grid_26.3_126.0,pt_34.95_139.95,"Chikura, Japan","(139.95, 34.95)",grid_26.3_126.0,grid_26.3_126.0,"(126.0, 26.3)",1642.914721307934,2002.1,247,249
grid_26.3_126.0-pt_25.1667_121.4333,grid_26.3_126.0,grid_26.3_126.0,"(126.0, 26.3)",pt_25.1667_121.4333,"Tanshui, Taiwan","(121.4333, 25.1667)",475.08917721062954,2002.1,249,250
pt_25.1667_121.4333-pt_23.3735_116.6941,pt_25.1667_121.4333,"Tanshui, Taiwan","(121.4333, 25.1667)",pt_23.3735_116.6941,"Shantou, China","(116.6941, 23.3735)",520.5381552963804,2002.1,250,251
pt_23.3735_116.6941-grid_20.5_116.4,pt_23.3735_116.6941,"Shantou, China","(116.6941, 23.3735)",grid_20.5_116.4,grid_20.5_116.4,"(116.4, 20.5)",319.6283490640891,2002.1,251,252
grid_20.5_116.4-grid_15.5_113.7,grid_20.5_116.4,grid_20.5_116.4,"(116.4, 20.5)",grid_15.5_113.7,grid_15.5_113.7,"(113.7, 15.5)",622.8570992351958,2002.1,252,253
grid_15.5_113.7-pt_1.299009_103.904039,grid_15.5_113.7,grid_15.5_113.7,"(113.7, 15.5)",pt_1.299009_103.904039,"Katong, Singapore","(103.904039, 1.299009)",1903.8347863168976,2002.1,253,254
pt_3.8167_103.3333-pt_1.299009_103.904039,pt_3.8167_103.3333,"Kuantan, Malaysia","(103.3333, 3.8167)",pt_1.299009_103.904039,"Katong, Singapore","(103.904039, 1.299009)",285.54046950059853,2002.1,255,254
pt_3.8167_103.3333-grid_22.0_114.0,pt_3.8167_103.3333,"Kuantan, Malaysia","(103.3333, 3.8167)",grid_22.0_114.0,grid_22.0_114.0,"(114.0, 22.0)",2318.1965003071537,2002.1,255,256
grid_22.0_114.0-pt_22.260362_113.947319,grid_22.0_114.0,grid_22.0_114.0,"(114.0, 22.0)",pt_22.260362_113.947319,"Lantau, Hong Kong","(113.947319, 22.260362)",29.338228447145944,2002.1,256,257
pt_31.51602_121.871545-grid_26.3_126.0,pt_31.51602_121.871545,"Chongming, China","(121.871545, 31.51602)",grid_26.3_126.0,grid_26.3_126.0,"(126.0, 26.3)",704.3409790508921,2002.1,258,249
grid_26.3_126.0-grid_20.5_116.4,grid_26.3_126.0,grid_26.3_126.0,"(126.0, 26.3)",grid_20.5_116.4,grid_20.5_116.4,"(116.4, 20.5)",1172.1394274887982,2002.1,249,252
grid_20.5_116.4-grid_22.0_114.0,grid_20.5_116.4,grid_20.5_116.4,"(116.4, 20.5)",grid_22.0_114.0,grid_22.0_114.0,"(114.0, 22.0)",299.38727389163114,2002.1,252,256
pt_31.51602_121.871545-pt_36.8019_140.751,pt_31.51602_121.871545,"Chongming, China","(121.871545, 31.51602)",pt_36.8019_140.751,"Kitaibaraki, Japan","(140.751, 36.8019)",1833.2375482525936,2002.1,258,248
pt_13.741086_121.051681-grid_15.5_113.7,pt_13.741086_121.051681,"Batangas, Philippines","(121.051681, 13.741086)",grid_15.5_113.7,grid_15.5_113.7,"(113.7, 15.5)",815.5431063020508,2002.1,259,253
pt_54.1818_-0.3175-pt_53.4483_6.8311,pt_54.1818_-0.3175,"Hunmanby, Great Britain","(-0.3175, 54.1818)",pt_53.4483_6.8311,"Eemshaven, Netherlands","(6.8311, 53.4483)",477.6585879559588,2002.3,260,261
pt_51.293166_-3.013273-grid_48.2_-8.2,pt_51.293166_-3.013273,"Brean, Great Britain","(-3.013273, 51.293166)",grid_48.2_-8.2,grid_48.2_-8.2,"(-8.2, 48.2)",507.8064495355614,2002.4,262,263
grid_48.2_-8.2-pt_38.642977_-9.096926,grid_48.2_-8.2,grid_48.2_-8.2,"(-8.2, 48.2)",pt_38.642977_-9.096926,"Seixal, Portugal","(-9.096926, 38.642977)",1064.256095931219,2002.4,263,264
pt_51.092962_-4.227454-grid_48.2_-8.2,pt_51.092962_-4.227454,"Saunton Sands, Great Britain","(-4.227454, 51.092962)",grid_48.2_-8.2,grid_48.2_-8.2,"(-8.2, 48.2)",430.9656036244085,2002.4,265,263
grid_48.2_-8.2-pt_43.3814_-2.9822,grid_48.2_-8.2,grid_48.2_-8.2,"(-8.2, 48.2)",pt_43.3814_-2.9822,"Sopelana, Spain","(-2.9822, 43.3814)",671.5471788651789,2002.4,263,266
pt_4.05_9.7-grid_2.5_8.0,pt_4.05_9.7,"Douala, Cameroon","(9.7, 4.05)",grid_2.5_8.0,grid_2.5_8.0,"(8.0, 2.5)",255.0905858020925,2002.5,267,268
grid_2.5_8.0-grid_-10.1_7.1,grid_2.5_8.0,grid_2.5_8.0,"(8.0, 2.5)",grid_-10.1_7.1,grid_-10.1_7.1,"(7.1, -10.1)",1396.9201880182522,2002.5,268,269
grid_-10.1_7.1-pt_-33.7333_18.4333,grid_-10.1_7.1,grid_-10.1_7.1,"(7.1, -10.1)",pt_-33.7333_18.4333,"Melkbosstrand, South Africa","(18.4333, -33.7333)",2862.0061563342165,2002.5,269,270
pt_38.46045_-9.10498-grid_36.9_-10.0,pt_38.46045_-9.10498,"Sesimbra, Portugal","(-9.10498046875, 38.46045)",grid_36.9_-10.0,grid_36.9_-10.0,"(-10.0, 36.9)",190.33865506639304,2002.5,271,272
grid_36.9_-10.0-grid_29.0_-16.4,grid_36.9_-10.0,grid_36.9_-10.0,"(-10.0, 36.9)",grid_29.0_-16.4,grid_29.0_-16.4,"(-16.4, 29.0)",1060.3589271252195,2002.5,272,273
grid_29.0_-16.4-grid_14.6_-20.5,grid_29.0_-16.4,grid_29.0_-16.4,"(-16.4, 29.0)",grid_14.6_-20.5,grid_14.6_-20.5,"(-20.5, 14.6)",1649.51155340877,2002.5,273,274
grid_14.6_-20.5-grid_1.0_-4.4,grid_14.6_-20.5,grid_14.6_-20.5,"(-20.5, 14.6)",grid_1.0_-4.4,grid_1.0_-4.4,"(-4.4, 1.0)",2323.7633734068927,2002.5,274,275
grid_1.0_-4.4-grid_1.0_0.8,grid_1.0_-4.4,grid_1.0_-4.4,"(-4.4, 1.0)",grid_1.0_0.8,grid_1.0_0.8,"(0.8, 1.0)",578.7737182504227,2002.5,275,276
grid_1.0_0.8-grid_1.0_2.6,grid_1.0_0.8,grid_1.0_0.8,"(0.8, 1.0)",grid_1.0_2.6,grid_1.0_2.6,"(2.6, 1.0)",200.34476707582712,2002.5,276,277
grid_1.0_2.6-grid_2.5_8.0,grid_1.0_2.6,grid_1.0_2.6,"(2.6, 1.0)",grid_2.5_8.0,grid_2.5_8.0,"(8.0, 2.5)",623.3029650502613,2002.5,277,268
pt_-8.8383_13.2344-grid_-10.1_7.1,pt_-8.8383_13.2344,"Luanda, Angola","(13.2344, -8.8383)",grid_-10.1_7.1,grid_-10.1_7.1,"(7.1, -10.1)",687.9143780471143,2002.5,278,269
pt_0.3901_9.4544-grid_2.5_8.0,pt_0.3901_9.4544,"Libreville, Gabon","(9.4544, 0.3901)",grid_2.5_8.0,grid_2.5_8.0,"(8.0, 2.5)",283.94209992733846,2002.5,279,268
pt_6.45_3.4-grid_1.0_2.6,pt_6.45_3.4,"Lagos, Nigeria","(3.4, 6.45)",grid_1.0_2.6,grid_1.0_2.6,"(2.6, 1.0)",609.1720377464897,2002.5,280,277
pt_6.3667_2.4167-grid_1.0_2.6,pt_6.3667_2.4167,"Cotonou, nan","(2.4167, 6.3667)",grid_1.0_2.6,grid_1.0_2.6,"(2.6, 1.0)",593.7968777029986,2002.5,281,277
pt_5.5461_-0.2067-grid_1.0_0.8,pt_5.5461_-0.2067,"Accra, Ghana","(-0.2067, 5.5461)",grid_1.0_0.8,grid_1.0_0.8,"(0.8, 1.0)",514.9946389953276,2002.5,282,276
pt_5.316568_-4.018893-grid_1.0_-4.4,pt_5.316568_-4.018893,"Abidjan, Ivory Coast","(-4.018893, 5.316568)",grid_1.0_-4.4,grid_1.0_-4.4,"(-4.4, 1.0)",479.1933003431456,2002.5,283,275
pt_14.7319_-17.4572-grid_14.6_-20.5,pt_14.7319_-17.4572,"Dakar, Senegal","(-17.4572, 14.7319)",grid_14.6_-20.5,grid_14.6_-20.5,"(-20.5, 14.6)",328.0793416558133,2002.5,284,274
pt_27.9586_-15.5925-grid_29.0_-16.4,pt_27.9586_-15.5925,"Gran Canaria, nan","(-15.5925, 27.9586)",grid_29.0_-16.4,grid_29.0_-16.4,"(-16.4, 29.0)",139.90327284911353,2002.5,285,273
pt_36.7357_-6.4348-grid_36.9_-10.0,pt_36.7357_-6.4348,"Chipiona, Spain","(-6.4348, 36.7357)",grid_36.9_-10.0,grid_36.9_-10.0,"(-10.0, 36.9)",318.60321354775715,2002.5,286,272
pt_36.804409_2.898389-pt_39.354685_2.970715,pt_36.804409_2.898389,"El Djamila, Algeria","(2.898389, 36.804409)",pt_39.354685_2.970715,"Ses Covetes, Spain","(2.970715, 39.354685)",283.14669040874696,2002.6,287,288
pt_-33.9253_18.4239-grid_-34.2_34.4,pt_-33.9253_18.4239,"Cape Town, South Africa","(18.4239, -33.9253)",grid_-34.2_34.4,grid_-34.2_34.4,"(34.4, -34.2)",1473.669349230778,2002.7,289,290
grid_-34.2_34.4-grid_-21.8_56.1,grid_-34.2_34.4,grid_-34.2_34.4,"(34.4, -34.2)",grid_-21.8_56.1,grid_-21.8_56.1,"(56.1, -21.8)",2529.654800867999,2002.7,290,291
grid_-21.8_56.1-pt_-20.501153_57.446471,grid_-21.8_56.1,grid_-21.8_56.1,"(56.1, -21.8)",pt_-20.501153_57.446471,"Baie Jacotet, nan","(57.446471, -20.501153)",200.5936114352522,2002.7,291,292
pt_-21.0097_55.2697-grid_-19.8_56.4,pt_-21.0097_55.2697,"Saint Paul, nan","(55.2697, -21.0097)",grid_-19.8_56.4,grid_-19.8_56.4,"(56.4, -19.8)",178.47633813670157,2002.7,293,294
grid_-19.8_56.4-grid_7.1_73.0,grid_-19.8_56.4,grid_-19.8_56.4,"(56.4, -19.8)",grid_7.1_73.0,grid_7.1_73.0,"(73.0, 7.1)",3487.316479488874,2002.7,294,295
grid_7.1_73.0-pt_9.9667_76.2833,grid_7.1_73.0,grid_7.1_73.0,"(73.0, 7.1)",pt_9.9667_76.2833,"Cochin, India","(76.2833, 9.9667)",480.78919731961196,2002.7,295,296
pt_-29.8583_31.025-grid_-34.2_34.4,pt_-29.8583_31.025,"Durban, South Africa","(31.025, -29.8583)",grid_-34.2_34.4,grid_-34.2_34.4,"(34.4, -34.2)",577.3325480805795,2002.7,297,290
pt_-21.0097_55.2697-grid_-21.8_56.1,pt_-21.0097_55.2697,"Saint Paul, nan","(55.2697, -21.0097)",grid_-21.8_56.1,grid_-21.8_56.1,"(56.1, -21.8)",122.75389318296776,2002.7,293,291
pt_-20.501153_57.446471-grid_-19.8_56.4,pt_-20.501153_57.446471,"Baie Jacotet, nan","(57.446471, -20.501153)",grid_-19.8_56.4,grid_-19.8_56.4,"(56.4, -19.8)",134.14363473993532,2002.7,292,294
pt_5.389789_100.370614-grid_7.1_73.0,pt_5.389789_100.370614,"Penang, Malaysia","(100.370614, 5.389789)",grid_7.1_73.0,grid_7.1_73.0,"(73.0, 7.1)",3034.357529957363,2002.7,298,295
pt_13.0825_80.275-pt_1.297617_103.619334,pt_13.0825_80.275,"Chennai, India","(80.275, 13.0825)",pt_1.297617_103.619334,"Tuas, Singapore","(103.619334, 1.297617)",2884.5805184082637,2002.8,299,300
pt_35.0432_139.84-grid_45.6_-124.1,pt_35.0432_139.84,"Minami Boso, Japan","(139.84, 35.0432)",grid_45.6_-124.1,grid_45.6_-124.1,"(-124.1, 45.6)",7749.522430055942,2002.9,301,302
grid_45.6_-124.1-pt_45.644_-123.94,grid_45.6_-124.1,grid_45.6_-124.1,"(-124.1, 45.6)",pt_45.644_-123.94,"Nedonna Beach, United States","(-123.94, 45.644)",13.402317504330883,2002.9,302,303
pt_34.7692_137.3915-pt_13.4608_144.6908,pt_34.7692_137.3915,"Toyohashi, Japan","(137.3915, 34.7692)",pt_13.4608_144.6908,"Piti, nan","(144.6908, 13.4608)",2472.107894898281,2002.9,304,305
pt_45.5978_-123.9447-grid_45.6_-124.1,pt_45.5978_-123.9447,"Twin Rocks, United States","(-123.9447, 45.5978)",grid_45.6_-124.1,grid_45.6_-124.1,"(-124.1, 45.6)",12.119143893663813,2002.9,306,302
grid_45.6_-124.1-pt_33.8664_-118.3997,grid_45.6_-124.1,grid_45.6_-124.1,"(-124.1, 45.6)",pt_33.8664_-118.3997,"Hermosa Beach, United States","(-118.3997, 33.8664)",1390.4607435699418,2002.9,302,307
grid_45.6_-124.1-pt_34.7692_137.3915,grid_45.6_-124.1,grid_45.6_-124.1,"(-124.1, 45.6)",pt_34.7692_137.3915,"Toyohashi, Japan","(137.3915, 34.7692)",7934.986493058509,2002.9,302,304
pt_50.7833_-4.5833-pt_40.7792_-72.9153,pt_50.7833_-4.5833,"Widemouth Bay, Bude, Great Britain","(-4.5833, 50.7833)",pt_40.7792_-72.9153,"Brookhaven, United States","(-72.9153, 40.7792)",5233.130943318677,2003.2,308,309
pt_40.1186_-74.0447-pt_48.7325_-3.4553,pt_40.1186_-74.0447,"Manasquan, United States","(-74.0447, 40.1186)",pt_48.7325_-3.4553,"Lannion, France","(-3.4553, 48.7325)",5497.586823152613,2003.2,310,311
pt_21.5428_39.1728-pt_19.6158_37.2164,pt_21.5428_39.1728,"Jeddah, Saudi Arabia","(39.1728, 21.5428)",pt_19.6158_37.2164,"Port Sudan, Sudan","(37.2164, 19.6158)",295.14936588375525,2003.7,312,313
pt_57.415914_21.57-pt_57.8551_19.0394,pt_57.415914_21.57,"Ventspils, Latvia","(21.57, 57.415914)",pt_57.8551_19.0394,"Farosund, Stavnas, Sweden","(19.0394, 57.8551)",158.86450433411818,2004.10,314,315
pt_18.4394_-66.01-pt_18.0242_-63.0433,pt_18.4394_-66.01,"Isla Verde, Puerto Rico","(-66.01, 18.4394)",pt_18.0242_-63.0433,"St. Maarten, Netherlands, St. Maarten","(-63.0433, 18.0242)",317.1184340363023,2004.11,316,317
pt_39.6239_19.82-pt_41.1253_16.8667,pt_39.6239_19.82,"Corfu, Greece","(19.82, 39.6239)",pt_41.1253_16.8667,"Bari, Italy","(16.8667, 41.1253)",301.1369244085493,2004.13,318,319
pt_37.5027_15.0873-pt_35.925739_14.487893,pt_37.5027_15.0873,"Catania, Italy","(15.0873, 37.5027)",pt_35.925739_14.487893,"St. George's Bay, Malta","(14.487893, 35.925739)",183.00849683590914,2004.15,320,321
pt_65.15_-13.6-pt_62.2381_-6.9289,pt_65.15_-13.6,"Seydisfjordur, Iceland","(-13.6, 65.15)",pt_62.2381_-6.9289,"Funningsfjordur, nan","(-6.9289, 62.2381)",462.43717719719854,2004.16,322,323
pt_58.62_-3.34-pt_62.2381_-6.9289,pt_58.62_-3.34,"Dunnet Bay, Great Britain","(-3.34, 58.62)",pt_62.2381_-6.9289,"Funningsfjordur, nan","(-6.9289, 62.2381)",448.81766024221827,2004.16,324,323
pt_25.775_55.96-pt_27.18_56.28,pt_25.775_55.96,"nan, United Arab Emirates","(55.96, 25.775)",pt_27.18_56.28,"nan, Iran","(56.28, 27.18)",158.90357845393675,2004.3,325,326
pt_1.297617_103.619334-pt_13.0825_80.275,pt_1.297617_103.619334,"Tuas, Singapore","(103.619334, 1.297617)",pt_13.0825_80.275,"Chennai, India","(80.275, 13.0825)",2884.5805184082637,2004.4,327,328
pt_25.302555_51.515-pt_25.675203_52.409404,pt_25.302555_51.515,"Doha, Qatar","(51.515, 25.302555)",pt_25.675203_52.409404,"Halul, Qatar","(52.409404, 25.675203)",98.9518270297723,2004.5,329,330
pt_25.149988_52.873422-pt_25.675203_52.409404,pt_25.149988_52.873422,"Das Island, United Arab Emirates","(52.873422, 25.149988)",pt_25.675203_52.409404,"Halul, Qatar","(52.409404, 25.675203)",74.596949865388,2004.5,331,330
pt_25.149988_52.873422-pt_24.4511_54.3969,pt_25.149988_52.873422,"Das Island, United Arab Emirates","(52.873422, 25.149988)",pt_24.4511_54.3969,"Abu Dhabi, United Arab Emirates","(54.3969, 24.4511)",172.39952007906018,2004.5,331,332
pt_1.297617_103.619334-grid_3.6_91.7,pt_1.297617_103.619334,"Tuas, Singapore","(103.619334, 1.297617)",grid_3.6_91.7,grid_3.6_91.7,"(91.7, 3.6)",1349.784149188892,2005.3,333,334
grid_3.6_91.7-grid_10.9_84.4,grid_3.6_91.7,grid_3.6_91.7,"(91.7, 3.6)",grid_10.9_84.4,grid_10.9_84.4,"(84.4, 10.9)",1140.5162062486152,2005.3,334,335
grid_10.9_84.4-pt_13.0825_80.275,grid_10.9_84.4,grid_10.9_84.4,"(84.4, 10.9)",pt_13.0825_80.275,"Chennai, India","(80.275, 13.0825)",509.97391290453754,2005.3,335,336
pt_13.0825_80.275-pt_6.9167_79.8333,pt_13.0825_80.275,"Chennai, India","(80.275, 13.0825)",pt_6.9167_79.8333,"Colombo, Sri Lanka","(79.8333, 6.9167)",683.7070054459485,2005.3,336,337
pt_6.9167_79.8333-pt_19.0758_72.8775,pt_6.9167_79.8333,"Colombo, Sri Lanka","(79.8333, 6.9167)",pt_19.0758_72.8775,"Mumbai, India","(72.8775, 19.0758)",1541.5983603002965,2005.3,337,338
pt_21.5428_39.1728-grid_16.3_64.2,pt_21.5428_39.1728,"Jeddah, Saudi Arabia","(39.1728, 21.5428)",grid_16.3_64.2,grid_16.3_64.2,"(64.2, 16.3)",2696.1087338046714,2005.3,339,340
grid_16.3_64.2-grid_17.2_66.9,grid_16.3_64.2,grid_16.3_64.2,"(64.2, 16.3)",grid_17.2_66.9,grid_17.2_66.9,"(66.9, 17.2)",304.62679306328505,2005.3,340,341
grid_17.2_66.9-pt_19.0758_72.8775,grid_17.2_66.9,grid_17.2_66.9,"(66.9, 17.2)",pt_19.0758_72.8775,"Mumbai, India","(72.8775, 19.0758)",665.6922382625626,2005.3,341,338
pt_29.9667_32.5333-pt_21.5428_39.1728,pt_29.9667_32.5333,"Suez, Egypt","(32.5333, 29.9667)",pt_21.5428_39.1728,"Jeddah, Saudi Arabia","(39.1728, 21.5428)",1145.946534764653,2005.3,342,339
pt_37.2744_9.8739-grid_37.6_10.4,pt_37.2744_9.8739,"Bizerte, Tunisia","(9.8739, 37.2744)",grid_37.6_10.4,grid_37.6_10.4,"(10.4, 37.6)",58.93770547337237,2005.3,343,344
grid_37.6_10.4-grid_37.3_11.2,grid_37.6_10.4,grid_37.6_10.4,"(10.4, 37.6)",grid_37.3_11.2,grid_37.3_11.2,"(11.2, 37.3)",78.22672339638903,2005.3,344,345
grid_37.3_11.2-pt_31.1975_29.8925,grid_37.3_11.2,grid_37.3_11.2,"(11.2, 37.3)",pt_31.1975_29.8925,"Alexandria, Egypt","(29.8925, 31.1975)",1846.054567547519,2005.3,345,346
pt_29.9667_32.5333-pt_31.1975_29.8925,pt_29.9667_32.5333,"Suez, Egypt","(32.5333, 29.9667)",pt_31.1975_29.8925,"Alexandria, Egypt","(29.8925, 31.1975)",287.7007566086179,2005.3,342,346
pt_2.208142_102.241153-pt_1.297617_103.619334,pt_2.208142_102.241153,"Melaka, Malaysia","(102.241153, 2.208142)",pt_1.297617_103.619334,"Tuas, Singapore","(103.619334, 1.297617)",183.44379066738117,2005.3,347,333
pt_6.786188_99.869598-grid_3.6_91.7,pt_6.786188_99.869598,"Satun, Thailand","(99.869598, 6.786188)",grid_3.6_91.7,grid_3.6_91.7,"(91.7, 3.6)",971.7299071413267,2005.3,348,334
pt_21.5833_92.0167-grid_10.9_84.4,pt_21.5833_92.0167,"Cox's Bazar, Bangladesh","(92.0167, 21.5833)",grid_10.9_84.4,grid_10.9_84.4,"(84.4, 10.9)",1434.6671151293592,2005.3,349,335
pt_24.86_67.01-grid_17.2_66.9,pt_24.86_67.01,"Karachi, Pakistan","(67.01, 24.86)",grid_17.2_66.9,grid_17.2_66.9,"(66.9, 17.2)",848.1817958987805,2005.3,350,341
pt_25.133318_56.348522-grid_16.3_64.2,pt_25.133318_56.348522,"Fujairah, United Arab Emirates","(56.348522, 25.133318)",grid_16.3_64.2,grid_16.3_64.2,"(64.2, 16.3)",1274.0903061700203,2005.3,351,340
pt_43.2967_5.3764-grid_38.4_9.0,pt_43.2967_5.3764,"Marseille, France","(5.3764, 43.2967)",grid_38.4_9.0,grid_38.4_9.0,"(9.0, 38.4)",623.5991366871042,2005.3,352,353
grid_38.4_9.0-grid_37.6_10.4,grid_38.4_9.0,grid_38.4_9.0,"(9.0, 38.4)",grid_37.6_10.4,grid_37.6_10.4,"(10.4, 37.6)",151.6722101262938,2005.3,353,344
pt_38.1157_13.3613-grid_37.3_11.2,pt_38.1157_13.3613,"Palermo, Italy","(13.3613, 38.1157)",grid_37.3_11.2,grid_37.3_11.2,"(11.2, 37.3)",210.98617306363988,2005.3,354,345
pt_36.9_7.7667-grid_38.4_9.0,pt_36.9_7.7667,"Annaba, Algeria","(7.7667, 36.9)",grid_38.4_9.0,grid_38.4_9.0,"(9.0, 38.4)",198.89831103317937,2005.3,355,353
pt_43.2967_5.3764-grid_38.3_7.5,pt_43.2967_5.3764,"Marseille, France","(5.3764, 43.2967)",grid_38.3_7.5,grid_38.3_7.5,"(7.5, 38.3)",583.048994151761,2005.8,356,357
grid_38.3_7.5-pt_36.9_7.7667,grid_38.3_7.5,grid_38.3_7.5,"(7.5, 38.3)",pt_36.9_7.7667,"Annaba, Algeria","(7.7667, 36.9)",157.1589824123222,2005.8,357,358
pt_36.7764_3.0586-pt_35.6969_-0.6331,pt_36.7764_3.0586,"Algier, Algeria","(3.0586, 36.7764)",pt_35.6969_-0.6331,"Oran , Algeria","(-0.6331, 35.6969)",352.785563866215,2005.8,359,360
pt_36.7764_3.0586-grid_38.3_7.5,pt_36.7764_3.0586,"Algier, Algeria","(3.0586, 36.7764)",grid_38.3_7.5,grid_38.3_7.5,"(7.5, 38.3)",427.3442935221631,2005.8,359,357
pt_1.6667_101.45-pt_2.208142_102.241153,pt_1.6667_101.45,"Dumai, Indonesia","(101.45, 1.6667)",pt_2.208142_102.241153,"Melaka, Malaysia","(102.241153, 2.208142)",106.45205374109365,2005.9,361,362
pt_4.2167_73.5333-pt_6.9167_79.8333,pt_4.2167_73.5333,"Hulhumale, nan","(73.5333, 4.2167)",pt_6.9167_79.8333,"Colombo, Sri Lanka","(79.8333, 6.9167)",759.1409459496153,2006.10,363,364
pt_3.0333_101.45-pt_1.6667_101.45,pt_3.0333_101.45,"Bandar Bukit Tinggi, Malaysia","(101.45, 3.0333)",pt_1.6667_101.45,"Dumai, Indonesia","(101.45, 1.6667)",151.11342827039627,2006.11,365,366
pt_-2.75_107.75-pt_-0.0206_109.3414,pt_-2.75_107.75,"Tanjung Pandan, Indonesia","(107.75, -2.75)",pt_-0.0206_109.3414,"Ponitianak, Indonesia","(109.3414, -0.0206)",349.92124193070833,2006.11,367,368
pt_-2.75_107.75-pt_-5.978045_107.123735,pt_-2.75_107.75,"Tanjung Pandan, Indonesia","(107.75, -2.75)",pt_-5.978045_107.123735,"Tanjung Pakis, Indonesia","(107.123735, -5.978045)",363.66434056485235,2006.11,367,369
pt_-6.130492_106.839314-pt_-5.978045_107.123735,pt_-6.130492_106.839314,"Jakarta, Indonesia","(106.839314, -6.130492)",pt_-5.978045_107.123735,"Tanjung Pakis, Indonesia","(107.123735, -5.978045)",35.71542002268358,2006.11,370,369
pt_-6.130492_106.839314-pt_-5.4294_105.2625,pt_-6.130492_106.839314,"Jakarta, Indonesia","(106.839314, -6.130492)",pt_-5.4294_105.2625,"Bandar Lampung, Indonesia","(105.2625, -5.4294)",191.0785246107726,2006.11,370,371
pt_-4.115735_104.17077-pt_-5.4294_105.2625,pt_-4.115735_104.17077,"Baturaja, Indonesia","(104.17077, -4.115735)",pt_-5.4294_105.2625,"Bandar Lampung, Indonesia","(105.2625, -5.4294)",189.13020633388638,2006.11,372,371
pt_-2.9833_104.7644-pt_-4.115735_104.17077,pt_-2.9833_104.7644,"Palembang, Indonesia","(104.7644, -2.9833)",pt_-4.115735_104.17077,"Baturaja, Indonesia","(104.17077, -4.115735)",141.53073620296414,2006.11,373,372
pt_-2.9833_104.7644-pt_-1.598268_103.611744,pt_-2.9833_104.7644,"Palembang, Indonesia","(104.7644, -2.9833)",pt_-1.598268_103.611744,"Jambi, Indonesia","(103.611744, -1.598268)",199.73152397854201,2006.11,373,374
pt_0.5333_101.45-pt_-1.598268_103.611744,pt_0.5333_101.45,"Pekanbaru, Indonesia","(101.45, 0.5333)",pt_-1.598268_103.611744,"Jambi, Indonesia","(103.611744, -1.598268)",336.82510716310594,2006.11,375,374
pt_0.5333_101.45-pt_1.6667_101.45,pt_0.5333_101.45,"Pekanbaru, Indonesia","(101.45, 0.5333)",pt_1.6667_101.45,"Dumai, Indonesia","(101.45, 1.6667)",125.3253890192491,2006.11,375,366
pt_-0.9556_100.3606-pt_0.5333_101.45,pt_-0.9556_100.3606,"Padang, Indonesia","(100.3606, -0.9556)",pt_0.5333_101.45,"Pekanbaru, Indonesia","(101.45, 0.5333)",204.47530360638342,2006.11,376,375
pt_-0.9556_100.3606-pt_1.7425_98.7792,pt_-0.9556_100.3606,"Padang, Indonesia","(100.3606, -0.9556)",pt_1.7425_98.7792,"Sibolga, Indonesia","(98.7792, 1.7425)",346.39660461385006,2006.11,376,377
pt_3.5894_98.6739-pt_1.7425_98.7792,pt_3.5894_98.6739,"Medan, Indonesia","(98.6739, 3.5894)",pt_1.7425_98.7792,"Sibolga, Indonesia","(98.7792, 1.7425)",204.55962063059218,2006.11,378,377
pt_3.5894_98.6739-pt_3.3283_99.1625,pt_3.5894_98.6739,"Medan, Indonesia","(98.6739, 3.5894)",pt_3.3283_99.1625,"Teping Tinggi, Indonesia","(99.1625, 3.3283)",61.49178358576,2006.11,378,379
pt_3.0333_101.45-pt_3.3283_99.1625,pt_3.0333_101.45,"Bandar Bukit Tinggi, Malaysia","(101.45, 3.0333)",pt_3.3283_99.1625,"Teping Tinggi, Indonesia","(99.1625, 3.3283)",256.33736268534574,2006.11,365,379
pt_1.13_104.0531-pt_1.6667_101.45,pt_1.13_104.0531,"Batam, Indonesia","(104.0531, 1.13)",pt_1.6667_101.45,"Dumai, Indonesia","(101.45, 1.6667)",295.7052602485853,2006.11,380,366
pt_-0.0206_109.3414-pt_1.13_104.0531,pt_-0.0206_109.3414,"Ponitianak, Indonesia","(109.3414, -0.0206)",pt_1.13_104.0531,"Batam, Indonesia","(104.0531, 1.13)",602.2456004621401,2006.11,368,380
pt_-2.75_107.75-pt_-2.9833_104.7644,pt_-2.75_107.75,"Tanjung Pandan, Indonesia","(107.75, -2.75)",pt_-2.9833_104.7644,"Palembang, Indonesia","(104.7644, -2.9833)",332.94298105272554,2006.11,367,373
pt_42.8167_132.8833-pt_37.1479_138.2361,pt_42.8167_132.8833,"Nakhodka, Russia","(132.8833, 42.8167)",pt_37.1479_138.2361,"Naoetsu, Japan","(138.2361, 37.1479)",777.5831374007164,2006.12,381,382
pt_7.2061_100.5967-pt_1.13_104.0531,pt_7.2061_100.5967,"Songkhla, Thailand","(100.5967, 7.2061)",pt_1.13_104.0531,"Batam, Indonesia","(104.0531, 1.13)",773.6795573956499,2006.13,383,384
pt_13.0825_80.275-pt_22.8167_89.55,pt_13.0825_80.275,"Chennai, India","(80.275, 13.0825)",pt_22.8167_89.55,"Khulna, Bangladesh","(89.55, 22.8167)",1457.0321008262476,2006.14,385,386
pt_29.582065_50.502997-grid_29.5_49.9,pt_29.582065_50.502997,"Gavaneh, Iran","(50.502997, 29.582065)",grid_29.5_49.9,grid_29.5_49.9,"(49.9, 29.5)",59.15035684594853,2006.15,387,388
grid_29.5_49.9-grid_29.5_49.5,grid_29.5_49.9,grid_29.5_49.9,"(49.9, 29.5)",grid_29.5_49.5,grid_29.5_49.5,"(49.5, 29.5)",38.78649513120908,2006.15,388,389
grid_29.5_49.5-pt_29.375_47.98,grid_29.5_49.5,grid_29.5_49.5,"(49.5, 29.5)",pt_29.375_47.98,"Kuwait City, Kuwait","(47.98, 29.375)",148.1274829897823,2006.15,389,390
pt_28.997_49.52476-grid_29.5_49.5,pt_28.997_49.52476,"Soroosh Platform, Iran","(49.52476, 28.997)",grid_29.5_49.5,grid_29.5_49.5,"(49.5, 29.5)",55.80438443904894,2006.15,391,389
pt_29.241655_50.314476-grid_29.5_49.9,pt_29.241655_50.314476,"Kharg Island, Iran","(50.314476, 29.241655)",grid_29.5_49.9,grid_29.5_49.9,"(49.9, 29.5)",49.38955546782694,2006.15,392,388
pt_26.577433_-78.857533-pt_26.002456_-77.386938,pt_26.577433_-78.857533,"Hawksbill, nan","(-78.857533, 26.577433)",pt_26.002456_-77.386938,"Sandy Point, nan","(-77.386938, 26.002456)",160.08789316382683,2006.16,393,394
pt_25.0781_-77.3386-pt_24.711091_-77.789765,pt_25.0781_-77.3386,"Nassau, nan","(-77.3386, 25.0781)",pt_24.711091_-77.789765,"Fresh Creek, nan","(-77.789765, 24.711091)",61.07891867632192,2006.16,395,396
pt_25.2_-76.5-pt_25.0781_-77.3386,pt_25.2_-76.5,"Governors Harbour, nan","(-76.5, 25.2)",pt_25.0781_-77.3386,"Nassau, nan","(-77.3386, 25.0781)",85.63244811496105,2006.16,397,395
pt_25.2_-76.5-pt_23.509728_-75.780626,pt_25.2_-76.5,"Governors Harbour, nan","(-76.5, 25.2)",pt_23.509728_-75.780626,"Georgetown, nan","(-75.780626, 23.509728)",200.94564010721245,2006.16,397,398
pt_23.650755_-74.843819-pt_23.509728_-75.780626,pt_23.650755_-74.843819,"Port Nelson, nan","(-74.843819, 23.650755)",pt_23.509728_-75.780626,"Georgetown, nan","(-75.780626, 23.509728)",96.89533766969332,2006.16,399,398
pt_23.1_-74.9828-pt_23.650755_-74.843819,pt_23.1_-74.9828,"Clarence Town, nan","(-74.9828, 23.1)",pt_23.650755_-74.843819,"Port Nelson, nan","(-74.843819, 23.650755)",62.62883883690848,2006.16,400,399
pt_23.1_-74.9828-pt_24.056999_-74.532648,pt_23.1_-74.9828,"Clarence Town, nan","(-74.9828, 23.1)",pt_24.056999_-74.532648,"Cockburn Town, nan","(-74.532648, 24.056999)",115.52188147770998,2006.16,400,401
pt_23.650755_-74.843819-pt_22.197858_-75.72483,pt_23.650755_-74.843819,"Port Nelson, nan","(-74.843819, 23.650755)",pt_22.197858_-75.72483,"Duncan Town, nan","(-75.72483, 22.197858)",184.53980926628557,2006.16,399,402
pt_25.2_-76.5-pt_26.002456_-77.386938,pt_25.2_-76.5,"Governors Harbour, nan","(-76.5, 25.2)",pt_26.002456_-77.386938,"Sandy Point, nan","(-77.386938, 26.002456)",125.85948619613545,2006.16,397,394
pt_25.2_-76.5-pt_24.41123_-75.519066,pt_25.2_-76.5,"Governors Harbour, nan","(-76.5, 25.2)",pt_24.41123_-75.519066,"Cat Island, Bahamas, Bahamas","(-75.519066, 24.41123)",132.17553735747316,2006.16,397,403
pt_24.056999_-74.532648-pt_24.41123_-75.519066,pt_24.056999_-74.532648,"Cockburn Town, nan","(-74.532648, 24.056999)",pt_24.41123_-75.519066,"Cat Island, Bahamas, Bahamas","(-75.519066, 24.41123)",107.59561844915413,2006.16,401,403
pt_22.621724_-73.994096-pt_24.056999_-74.532648,pt_22.621724_-73.994096,"Crooked Island, Bahamas, Bahamas","(-73.994096, 22.621724)",pt_24.056999_-74.532648,"Cockburn Town, nan","(-74.532648, 24.056999)",168.2250594271392,2006.16,404,401
pt_22.621724_-73.994096-pt_22.384061_-72.948666,pt_22.621724_-73.994096,"Crooked Island, Bahamas, Bahamas","(-73.994096, 22.621724)",pt_22.384061_-72.948666,"Mayaguana Island, Bahamas, Bahamas","(-72.948666, 22.384061)",110.74101593238512,2006.16,404,405
pt_20.95_-73.6667-pt_22.384061_-72.948666,pt_20.95_-73.6667,"Matthew Town, nan","(-73.6667, 20.95)",pt_22.384061_-72.948666,"Mayaguana Island, Bahamas, Bahamas","(-72.948666, 22.384061)",175.3173611505459,2006.16,406,405
pt_18.5425_-72.3386-pt_20.95_-73.6667,pt_18.5425_-72.3386,"Port-au-Prince, Haiti","(-72.3386, 18.5425)",pt_20.95_-73.6667,"Matthew Town, nan","(-73.6667, 20.95)",300.67059873847563,2006.16,407,406
pt_25.0781_-77.3386-pt_26.577433_-78.857533,pt_25.0781_-77.3386,"Nassau, nan","(-77.3386, 25.0781)",pt_26.577433_-78.857533,"Hawksbill, nan","(-78.857533, 26.577433)",225.3470799809445,2006.16,395,393
pt_23.6667_58.1617-grid_13.0_52.6,pt_23.6667_58.1617,"Al Seeb, Oman","(58.1617, 23.6667)",grid_13.0_52.6,grid_13.0_52.6,"(52.6, 13.0)",1318.4209874481396,2006.17,409,410
grid_13.0_52.6-grid_14.5_42.2,grid_13.0_52.6,grid_13.0_52.6,"(52.6, 13.0)",grid_14.5_42.2,grid_14.5_42.2,"(42.2, 14.5)",1136.810847461676,2006.17,410,411
grid_14.5_42.2-grid_20.4_38.9,grid_14.5_42.2,grid_14.5_42.2,"(42.2, 14.5)",grid_20.4_38.9,grid_20.4_38.9,"(38.9, 20.4)",741.0335722710396,2006.17,411,412
grid_20.4_38.9-grid_21.0_38.5,grid_20.4_38.9,grid_20.4_38.9,"(38.9, 20.4)",grid_21.0_38.5,grid_21.0_38.5,"(38.5, 21.0)",78.41612341213434,2006.17,412,413
grid_21.0_38.5-grid_28.7_33.4,grid_21.0_38.5,grid_21.0_38.5,"(38.5, 21.0)",grid_28.7_33.4,grid_28.7_33.4,"(33.4, 28.7)",996.2584203708259,2006.17,413,414
grid_28.7_33.4-pt_29.9667_32.5333,grid_28.7_33.4,grid_28.7_33.4,"(33.4, 28.7)",pt_29.9667_32.5333,"Suez, Egypt","(32.5333, 29.9667)",163.70168546842217,2006.17,414,415
pt_26.1833_56.25-pt_23.6667_58.1617,pt_26.1833_56.25,"Khasab, Oman","(56.25, 26.1833)",pt_23.6667_58.1617,"Al Seeb, Oman","(58.1617, 23.6667)",339.1021746216236,2006.17,416,409
pt_25.165029_55.229622-pt_26.1833_56.25,pt_25.165029_55.229622,"Dubai, United Arab Emirates","(55.229622, 25.165029)",pt_26.1833_56.25,"Khasab, Oman","(56.25, 26.1833)",152.37616776709842,2006.17,417,416
pt_25.165029_55.229622-pt_25.578_51.483,pt_25.165029_55.229622,"Dubai, United Arab Emirates","(55.229622, 25.165029)",pt_25.578_51.483,"Sumaisma, Qatar","(51.483, 25.578)",379.8280327771822,2006.17,417,418
pt_25.578_51.483-pt_26.225_50.5775,pt_25.578_51.483,"Sumaisma, Qatar","(51.483, 25.578)",pt_26.225_50.5775,"Manama, nan","(50.5775, 26.225)",115.62864610490207,2006.17,418,419
pt_26.3_50.2167-pt_26.225_50.5775,pt_26.3_50.2167,"Al Khobar, Saudi Arabia","(50.2167, 26.3)",pt_26.225_50.5775,"Manama, nan","(50.5775, 26.225)",36.98725857452541,2006.17,420,419
pt_29.375_47.98-pt_26.3_50.2167,pt_29.375_47.98,"Kuwait City, Kuwait","(47.98, 29.375)",pt_26.3_50.2167,"Al Khobar, Saudi Arabia","(50.2167, 26.3)",405.76315586519826,2006.17,421,420
pt_29.375_47.98-pt_27.2_56.25,pt_29.375_47.98,"Kuwait City, Kuwait","(47.98, 29.375)",pt_27.2_56.25,"Bandar Abbas, Iran","(56.25, 27.2)",846.0955353358859,2006.17,421,422
pt_27.2_56.25-grid_24.7_60.5,pt_27.2_56.25,"Bandar Abbas, Iran","(56.25, 27.2)",grid_24.7_60.5,grid_24.7_60.5,"(60.5, 24.7)",507.78940893901097,2006.17,422,423
grid_24.7_60.5-pt_25.2919_60.6431,grid_24.7_60.5,grid_24.7_60.5,"(60.5, 24.7)",pt_25.2919_60.6431,"Chabahar, Iran","(60.6431, 25.2919)",67.13906667323943,2006.17,423,424
pt_29.5322_35.0061-grid_28.7_33.4,pt_29.5322_35.0061,"Aqaba, Jordan","(35.0061, 29.5322)",grid_28.7_33.4,grid_28.7_33.4,"(33.4, 28.7)",181.5027239946678,2006.17,425,414
pt_21.5428_39.1728-grid_21.0_38.5,pt_21.5428_39.1728,"Jeddah, Saudi Arabia","(39.1728, 21.5428)",grid_21.0_38.5,grid_21.0_38.5,"(38.5, 21.0)",92.12623833961442,2006.17,426,413
pt_19.6158_37.2164-grid_20.4_38.9,pt_19.6158_37.2164,"Port Sudan, Sudan","(37.2164, 19.6158)",grid_20.4_38.9,grid_20.4_38.9,"(38.9, 20.4)",196.40124069708128,2006.17,427,412
pt_14.8022_42.9511-grid_14.5_42.2,pt_14.8022_42.9511,"Al Hudaydah, Yemen","(42.9511, 14.8022)",grid_14.5_42.2,grid_14.5_42.2,"(42.2, 14.5)",87.54739361649752,2006.17,428,411
pt_16.2_52.1667-grid_13.0_52.6,pt_16.2_52.1667,"Al Ghaydah, Yemen","(52.1667, 16.2)",grid_13.0_52.6,grid_13.0_52.6,"(52.6, 13.0)",357.1282496326973,2006.17,429,410
pt_19.0758_72.8775-grid_24.7_60.5,pt_19.0758_72.8775,"Mumbai, India","(72.8775, 19.0758)",grid_24.7_60.5,grid_24.7_60.5,"(60.5, 24.7)",1421.6789033430869,2006.17,430,423
pt_18.4653_-66.1167-grid_17.8_-64.8,pt_18.4653_-66.1167,"San Juan, Puerto Rico","(-66.1167, 18.4653)",grid_17.8_-64.8,grid_17.8_-64.8,"(-64.8, 17.8)",157.5999787700055,2006.18,442,443
grid_17.8_-64.8-pt_17.732_-64.748,grid_17.8_-64.8,grid_17.8_-64.8,"(-64.8, 17.8)",pt_17.732_-64.748,"St. Croix, nan","(-64.748, 17.732)",9.330016838242061,2006.18,443,444
pt_14.085641_-60.953627-grid_14.2_-61.0,pt_14.085641_-60.953627,"Rodney Bay, nan","(-60.953627, 14.085641)",grid_14.2_-61.0,grid_14.2_-61.0,"(-61.0, 14.2)",13.607335584561099,2006.18,445,446
grid_14.2_-61.0-pt_14.6153_-61.0019,grid_14.2_-61.0,grid_14.2_-61.0,"(-61.0, 14.2)",pt_14.6153_-61.0019,"Le Lemantin, nan","(-61.0019, 14.6153)",45.950518791621896,2006.18,446,447
pt_17.8986_-62.8492-pt_15.9536_-61.3192,pt_17.8986_-62.8492,"Gustavia, nan","(-62.8492, 17.8986)",pt_15.9536_-61.3192,"St. Louis, nan","(-61.3192, 15.9536)",269.98906057075635,2006.18,448,449
pt_17.1211_-61.8447-grid_16.1_-61.8,pt_17.1211_-61.8447,"St. John's, nan","(-61.8447, 17.1211)",grid_16.1_-61.8,grid_16.1_-61.8,"(-61.8, 16.1)",113.10074465147065,2006.18,450,451
grid_16.1_-61.8-pt_16.0211_-61.7467,grid_16.1_-61.8,grid_16.1_-61.8,"(-61.8, 16.1)",pt_16.0211_-61.7467,"Baillif, nan","(-61.7467, 16.0211)",10.42867779913018,2006.18,451,452
grid_14.2_-61.0-pt_17.732_-64.748,grid_14.2_-61.0,grid_14.2_-61.0,"(-61.0, 14.2)",pt_17.732_-64.748,"St. Croix, nan","(-64.748, 17.732)",560.0721884900303,2006.18,446,444
pt_13.1667_-61.2333-grid_14.2_-61.0,pt_13.1667_-61.2333,"Kingstown, nan","(-61.2333, 13.1667)",grid_14.2_-61.0,grid_14.2_-61.0,"(-61.0, 14.2)",117.07336405403765,2006.18,453,446
pt_12.0444_-61.7417-pt_13.1667_-61.2333,pt_12.0444_-61.7417,"St. George's, nan","(-61.7417, 12.0444)",pt_13.1667_-61.2333,"Kingstown, nan","(-61.2333, 13.1667)",135.8904903261059,2006.18,454,453
pt_10.6833_-61.6333-pt_12.0444_-61.7417,pt_10.6833_-61.6333,"Chaguaramas, nan","(-61.6333, 10.6833)",pt_12.0444_-61.7417,"St. George's, nan","(-61.7417, 12.0444)",151.02558055776487,2006.18,455,454
pt_16.0211_-61.7467-pt_15.9536_-61.3192,pt_16.0211_-61.7467,"Baillif, nan","(-61.7467, 16.0211)",pt_15.9536_-61.3192,"St. Louis, nan","(-61.3192, 15.9536)",46.36568112412366,2006.18,452,449
pt_16.2675_-61.5869-pt_16.0211_-61.7467,pt_16.2675_-61.5869,"Baie-Mauhault, nan","(-61.5869, 16.2675)",pt_16.0211_-61.7467,"Baillif, nan","(-61.7467, 16.0211)",32.1807249900565,2006.18,456,452
pt_15.3375_-61.3903-pt_16.0211_-61.7467,pt_15.3375_-61.3903,"Canefield, nan","(-61.3903, 15.3375)",pt_16.0211_-61.7467,"Baillif, nan","(-61.7467, 16.0211)",84.74549789012805,2006.18,457,452
pt_14.6153_-61.0019-pt_15.3375_-61.3903,pt_14.6153_-61.0019,"Le Lemantin, nan","(-61.0019, 14.6153)",pt_15.3375_-61.3903,"Canefield, nan","(-61.3903, 15.3375)",90.1718705776107,2006.18,447,457
pt_15.9536_-61.3192-grid_16.1_-61.8,pt_15.9536_-61.3192,"St. Louis, nan","(-61.3192, 15.9536)",grid_16.1_-61.8,grid_16.1_-61.8,"(-61.8, 16.1)",53.94531366218083,2006.18,449,451
grid_16.1_-61.8-grid_17.8_-64.8,grid_16.1_-61.8,grid_16.1_-61.8,"(-61.8, 16.1)",grid_17.8_-64.8,grid_17.8_-64.8,"(-64.8, 17.8)",370.7979463144938,2006.18,451,443
pt_13.078778_-59.612358-grid_14.2_-61.0,pt_13.078778_-59.612358,"Needham's Point, nan","(-59.612358, 13.078778)",grid_14.2_-61.0,grid_14.2_-61.0,"(-61.0, 14.2)",194.7560496610777,2006.18,458,446
pt_17.2983_-62.7342-grid_16.1_-61.8,pt_17.2983_-62.7342,"Basseterre, nan","(-62.7342, 17.2983)",grid_16.1_-61.8,grid_16.1_-61.8,"(-61.8, 16.1)",165.86937945732177,2006.18,459,451
pt_24.86_67.01-grid_24.1_58.5,pt_24.86_67.01,"Karachi, Pakistan","(67.01, 24.86)",grid_24.1_58.5,grid_24.1_58.5,"(58.5, 24.1)",866.6172656640913,2006.19,462,463
grid_24.1_58.5-pt_23.6667_58.1617,grid_24.1_58.5,grid_24.1_58.5,"(58.5, 24.1)",pt_23.6667_58.1617,"Al Seeb, Oman","(58.1617, 23.6667)",59.0775555453821,2006.19,463,464
pt_25.133318_56.348522-grid_24.1_58.5,pt_25.133318_56.348522,"Fujairah, United Arab Emirates","(56.348522, 25.133318)",grid_24.1_58.5,grid_24.1_58.5,"(58.5, 24.1)",246.09124393102528,2006.19,465,463
pt_8.7833_78.1333-pt_6.8397_79.8758,pt_8.7833_78.1333,"Tutitocorin, India","(78.1333, 8.7833)",pt_6.8397_79.8758,"Mt Lavinia, Sri Lanka","(79.8758, 6.8397)",288.33348378685037,2006.1,466,467
pt_54.0833_12.1333-pt_54.5747_11.9311,pt_54.0833_12.1333,"Rostock, Germany","(12.1333, 54.0833)",pt_54.5747_11.9311,"Gedser, Denmark","(11.9311, 54.5747)",56.25779752301364,2006.21,468,469
pt_50.043_-5.654-pt_51.676_-4.9158,pt_50.043_-5.654,"Porthcurno, Great Britain","(-5.654, 50.043)",pt_51.676_-4.9158,"Pembroke, Great Britain","(-4.9158, 51.676)",188.95055507367627,2006.2,470,471
pt_48.7325_-3.4553-pt_49.420988_-2.563997,pt_48.7325_-3.4553,"Lannion, France","(-3.4553, 48.7325)",pt_49.420988_-2.563997,"Saints Bay, nan","(-2.563997, 49.420988)",100.51190728928607,2006.2,472,473
pt_49.25_-2.202-pt_49.42_-2.56,pt_49.25_-2.202,"Greve de Lecq, Jersey, Channel Islands","(-2.202, 49.25)",pt_49.42_-2.56,"Saints Bay, Guernsey, Channel Islands","(-2.56, 49.42)",32.163166525609554,2006.3,474,475
pt_49.4_-1.78-pt_49.46_-2.5336,pt_49.4_-1.78,"nan, France","(-1.78, 49.4)",pt_49.46_-2.5336,"Guernsey, Great Britain, Channel Islands","(-2.5336, 49.46)",55.07155988171075,2006.3,476,477
pt_19.7958_-70.6944-grid_19.9_-73.7,pt_19.7958_-70.6944,"Puerto Plata, Dominican Republic","(-70.6944, 19.7958)",grid_19.9_-73.7,grid_19.9_-73.7,"(-73.7, 19.9)",315.03531222186905,2006.5,478,479
grid_19.9_-73.7-pt_17.95_-76.6667,grid_19.9_-73.7,grid_19.9_-73.7,"(-73.7, 19.9)",pt_17.95_-76.6667,"Bull Bay, Kingston, Jamaica","(-76.6667, 17.95)",379.786134410774,2006.5,479,480
pt_18.3994_-77.1031-pt_17.95_-76.6667,pt_18.3994_-77.1031,"Ochos Rios, Jamaica","(-77.1031, 18.3994)",pt_17.95_-76.6667,"Bull Bay, Kingston, Jamaica","(-76.6667, 17.95)",67.86677630832227,2006.5,481,480
pt_18.3994_-77.1031-pt_18.4667_-77.9167,pt_18.3994_-77.1031,"Ochos Rios, Jamaica","(-77.1031, 18.3994)",pt_18.4667_-77.9167,"Montego Bay, Jamaica","(-77.9167, 18.4667)",86.27363841879216,2006.5,481,482
pt_18.872311_-72.615888-grid_19.9_-73.7,pt_18.872311_-72.615888,"Kaliko, Haiti","(-72.615888, 18.872311)",grid_19.9_-73.7,grid_19.9_-73.7,"(-73.7, 19.9)",160.96721860319983,2006.5,483,479
pt_-33.8678_151.21-pt_-9.4789_147.1494,pt_-33.8678_151.21,"Sydney, Australia","(151.21, -33.8678)",pt_-9.4789_147.1494,"Port Moresby, Papua New Guinea","(147.1494, -9.4789)",2732.5571060331636,2006.6,484,485
pt_8.7833_78.1333-pt_6.8397_79.8758,pt_8.7833_78.1333,"Tutitocorin, India","(78.1333, 8.7833)",pt_6.8397_79.8758,"Mt Lavinia, Sri Lanka","(79.8758, 6.8397)",288.33348378685037,2006.7,486,487
pt_59.4372_24.745-pt_60.1708_24.9375,pt_59.4372_24.745,"Talinn, Estonia","(24.745, 59.4372)",pt_60.1708_24.9375,"Helsinki, Finland","(24.9375, 60.1708)",82.44064027997226,2006.8,488,489
pt_14.0167_-60.9833-pt_17.768438_-64.872576,pt_14.0167_-60.9833,"Port Castries, nan","(-60.9833, 14.0167)",pt_17.768438_-64.872576,"Hans Bluff, nan","(-64.872576, 17.768438)",588.0089760483042,2006.9,490,491
pt_13.0975_-59.6167-pt_14.0167_-60.9833,pt_13.0975_-59.6167,"Bridgetown, nan","(-59.6167, 13.0975)",pt_14.0167_-60.9833,"Port Castries, nan","(-60.9833, 14.0167)",179.5023471160956,2006.9,492,490
pt_32.359207_-64.663384-pt_40.1186_-74.0447,pt_32.359207_-64.663384,"St. Davids, Devonshire, nan","(-64.6633843, 32.3592072)",pt_40.1186_-74.0447,"Manasquan, United States","(-74.0447, 40.1186)",1203.7813471084617,2007.10,494,495
pt_6.9167_79.8333-pt_4.176487_73.508168,pt_6.9167_79.8333,"Colombo, Sri Lanka","(79.8333, 6.9167)",pt_4.176487_73.508168,"Male, nan","(73.508168, 4.176487)",763.4756746028847,2007.1,496,497
pt_12.108_-68.935-pt_10.6833_-61.6333,pt_12.108_-68.935,"Willemstad, nan","(-68.935, 12.108)",pt_10.6833_-61.6333,"Chaguaramas, nan","(-61.6333, 10.6833)",812.292578018853,2007.4,498,499
pt_43.2967_5.3764-pt_35.4667_-6.0333,pt_43.2967_5.3764,"Marseille, France","(5.3764, 43.2967)",pt_35.4667_-6.0333,"Asilah, Morocco","(-6.0333, 35.4667)",1310.0544801515439,2007.5,500,501
pt_1.13_104.0531-pt_1.355307_104.225057,pt_1.13_104.0531,"Batam, Indonesia","(104.0531, 1.13)",pt_1.355307_104.225057,"Sungai Rengit, Malaysia","(104.225057, 1.355307)",31.415317844989048,2007.6,502,503
pt_34.7619_32.45135-grid_34.7_30.9,pt_34.7619_32.45135,"Yeroskipos, Cyprus","(32.45135, 34.7619)",grid_34.7_30.9,grid_34.7_30.9,"(30.9, 34.7)",142.24631194350374,2008.12,504,505
grid_34.7_30.9-pt_37.653729_12.588691,grid_34.7_30.9,grid_34.7_30.9,"(30.9, 34.7)",pt_37.653729_12.588691,"Mazara del Vallo, Italy","(12.5886912, 37.6537292)",1676.7309682065795,2008.12,505,506
pt_37.502361_15.087372-grid_34.7_30.9,pt_37.502361_15.087372,"Catania, Italy","(15.0873718, 37.5023612)",grid_34.7_30.9,grid_34.7_30.9,"(30.9, 34.7)",1455.5582469122496,2008.12,507,505
grid_34.7_30.9-pt_34.750381_33.405516,grid_34.7_30.9,grid_34.7_30.9,"(30.9, 34.7)",pt_34.750381_33.405516,"Pentaskhinos, Cyprus","(33.40551585216968, 34.75038107671081)",229.54811068563532,2008.12,505,508
pt_42.15_41.6667-pt_43.2114_27.9111,pt_42.15_41.6667,"Poti, Georgia","(41.6667, 42.15)",pt_43.2114_27.9111,"Varna, Bulgaria","(27.9111, 43.2114)",1132.285837802574,2008.14,509,510
pt_57.5009_-134.5835-grid_57.4_-134.6,pt_57.5009_-134.5835,"Angoon, United States","(-134.5835, 57.5009)",grid_57.4_-134.6,grid_57.4_-134.6,"(-134.6, 57.4)",11.28060088738097,2008.15,511,512
grid_57.4_-134.6-pt_57.055849_-135.331306,grid_57.4_-134.6,grid_57.4_-134.6,"(-134.6, 57.4)",pt_57.055849_-135.331306,"Sitka, United States","(-135.331306, 57.055849)",58.4798630087043,2008.15,512,513
pt_57.5009_-134.5835-pt_58.125627_-134.754778,pt_57.5009_-134.5835,"Angoon, United States","(-134.5835, 57.5009)",pt_58.125627_-134.754778,"Hawk Inlet, United States","(-134.754778, 58.125627)",70.31939033861545,2008.15,511,514
pt_58.125627_-134.754778-pt_58.300025_-134.421542,pt_58.125627_-134.754778,"Hawk Inlet, United States","(-134.754778, 58.125627)",pt_58.300025_-134.421542,"Juneau, United States","(-134.421542, 58.300025)",27.586422661160736,2008.15,514,515
pt_56.8044_-132.9419-grid_57.4_-134.6,pt_56.8044_-132.9419,"Petersburg, United States","(-132.9419, 56.8044)",grid_57.4_-134.6,grid_57.4_-134.6,"(-134.6, 57.4)",120.40045334449988,2008.15,516,512
grid_57.4_-134.6-pt_58.300025_-134.421542,grid_57.4_-134.6,grid_57.4_-134.6,"(-134.6, 57.4)",pt_58.300025_-134.421542,"Juneau, United States","(-134.421542, 58.300025)",100.79873871742369,2008.15,512,515
pt_56.8044_-132.9419-pt_56.472741_-132.384191,pt_56.8044_-132.9419,"Petersburg, United States","(-132.9419, 56.8044)",pt_56.472741_-132.384191,"Wrangell, United States","(-132.384191, 56.472741)",50.348532013541714,2008.15,516,517
pt_55.3431_-131.6467-pt_56.472741_-132.384191,pt_55.3431_-131.6467,"Ketchikan, United States","(-131.6467, 55.3431)",pt_56.472741_-132.384191,"Wrangell, United States","(-132.384191, 56.472741)",133.96278630951176,2008.15,518,517
pt_1.353925_103.974697-pt_1.13_104.0531,pt_1.353925_103.974697,"Changi South, Singapore","(103.9746973, 1.3539247)",pt_1.13_104.0531,"Batam, Indonesia","(104.0531, 1.13)",26.25293852813535,2008.16,519,520
pt_32.274853_-64.780026-pt_41.3853_-71.6681,pt_32.274853_-64.780026,"Paget, nan","(-64.780026, 32.274853)",pt_41.3853_-71.6681,"Charlestown, United States","(-71.6681, 41.3853)",1182.1467987345122,2008.17,521,522
pt_45.417_141.6677-pt_46.68_141.87,pt_45.417_141.6677,"nan, Japan","(141.6677, 45.417)",pt_46.68_141.87,"Nevelsk, Russia","(141.87, 46.68)",141.25557982627873,2008.1,523,524
pt_26.3686_-80.1-grid_17.3_-79.6,pt_26.3686_-80.1,"Boca Raton , United States","(-80.1, 26.3686)",grid_17.3_-79.6,grid_17.3_-79.6,"(-79.6, 17.3)",1005.4890898148885,2008.2,525,526
grid_17.3_-79.6-pt_10.4236_-75.5253,grid_17.3_-79.6,grid_17.3_-79.6,"(-79.6, 17.3)",pt_10.4236_-75.5253,"Cartagena, Colombia","(-75.5253, 10.4236)",878.9475884718541,2008.2,526,527
pt_17.9149_-76.1882-grid_17.3_-79.6,pt_17.9149_-76.1882,"Morant Point, Jamaica","(-76.1882, 17.9149)",grid_17.3_-79.6,grid_17.3_-79.6,"(-79.6, 17.3)",368.45006248970424,2008.2,528,526
pt_1.353925_103.974697-pt_-6.130492_106.839314,pt_1.353925_103.974697,"Changi South, Singapore","(103.9746973, 1.3539247)",pt_-6.130492_106.839314,"Jakarta, Indonesia","(106.839314, -6.130492)",886.7402557966994,2008.3,529,530
pt_-22.2667_166.45-pt_-33.8678_151.21,pt_-22.2667_166.45,"Noumea, nan","(166.45, -22.2667)",pt_-33.8678_151.21,"Sydney, Australia","(151.21, -33.8678)",1969.785682521112,2008.4,531,532
pt_-20.722116_166.430431-pt_-20.9333_165.3333,pt_-20.722116_166.430431,"Mouli Island, nan","(166.430431, -20.722116)",pt_-20.9333_165.3333,"Poindimié, nan","(165.3333, -20.9333)",116.56819068317836,2008.4,533,534
pt_-20.9_167.2667-pt_-20.722116_166.430431,pt_-20.9_167.2667,"Lifou, Loyalty Islands, nan","(167.2667, -20.9)",pt_-20.722116_166.430431,"Mouli Island, nan","(166.430431, -20.722116)",89.25591787981148,2008.4,535,533
pt_45.644_-123.94-grid_29.7_127.5,pt_45.644_-123.94,"Nedonna Beach, United States","(-123.94, 45.644)",grid_29.7_127.5,grid_29.7_127.5,"(127.5, 29.7)",8996.744467284376,2008.6,536,537
grid_29.7_127.5-grid_31.2_122.5,grid_29.7_127.5,grid_29.7_127.5,"(127.5, 29.7)",grid_31.2_122.5,grid_31.2_122.5,"(122.5, 31.2)",508.1519312030017,2008.6,537,538
grid_31.2_122.5-pt_31.521874_121.847891,grid_31.2_122.5,grid_31.2_122.5,"(122.5, 31.2)",pt_31.521874_121.847891,"Chongming, China","(121.847891, 31.521874)",71.57500836934587,2008.6,538,539
pt_25.1667_121.4333-pt_31.521874_121.847891,pt_25.1667_121.4333,"Tanshui, Taiwan","(121.4333, 25.1667)",pt_31.521874_121.847891,"Chongming, China","(121.847891, 31.521874)",705.4861654038014,2008.6,540,539
pt_36.1167_120.4-pt_34.866084_128.640772,pt_36.1167_120.4,"Qingdao, China","(120.4, 36.1167)",pt_34.866084_128.640772,"Keoje, South Korea","(128.640772, 34.866084)",760.2740591634596,2008.6,541,542
pt_36.1167_120.4-grid_31.2_122.5,pt_36.1167_120.4,"Qingdao, China","(120.4, 36.1167)",grid_31.2_122.5,grid_31.2_122.5,"(122.5, 31.2)",579.0365245505237,2008.6,541,538
pt_34.866084_128.640772-grid_29.7_127.5,pt_34.866084_128.640772,"Keoje, South Korea","(128.640772, 34.866084)",grid_29.7_127.5,grid_29.7_127.5,"(127.5, 29.7)",582.8550667270057,2008.6,542,537
pt_25.1667_121.4333-grid_29.7_127.5,pt_25.1667_121.4333,"Tanshui, Taiwan","(121.4333, 25.1667)",grid_29.7_127.5,grid_29.7_127.5,"(127.5, 29.7)",782.1266170895435,2008.6,540,537
pt_35.0432_139.84-grid_29.7_127.5,pt_35.0432_139.84,"Minami Boso, Japan","(139.84, 35.0432)",grid_29.7_127.5,grid_29.7_127.5,"(127.5, 29.7)",1302.340265960851,2008.6,543,537
pt_21.550171_-158.243155-pt_-33.868_151.20924,pt_21.550171_-158.243155,"Keawaula, nan","(-158.243155, 21.550171)",pt_-33.868_151.20924,"Sydney, Australia","(151.20924, -33.868)",8142.22793679701,2008.7,544,545
pt_57.66657_-2.530403-pt_58.826934_-2.939422,pt_57.66657_-2.530403,"Banf, Great Britain","(-2.530403, 57.66657)",pt_58.826934_-2.939422,"Ayre of Cara, Orkney Islands, Great Britain","(-2.939422, 58.826934)",131.45605221470794,2008.8,546,547
pt_58.826934_-2.939422-pt_59.9972_-1.2233,pt_58.826934_-2.939422,"Ayre of Cara, Orkney Islands, Great Britain","(-2.939422, 58.826934)",pt_59.9972_-1.2233,"Sandwick, Shetland Islands, Great Britain","(-1.2233, 59.9972)",162.757176183181,2008.8,547,548
pt_62.0_-6.7833-pt_60.005071_-1.324235,pt_62.0_-6.7833,"Torshavn, nan","(-6.7833, 62.0)",pt_60.005071_-1.324235,"Maywick, Shetland Islands, Great Britain","(-1.324235, 60.005071)",369.46177108560437,2008.8,549,550
pt_1.353925_103.974697-pt_2.43_103.83,pt_1.353925_103.974697,"Changi South, Singapore","(103.9746973, 1.3539247)",pt_2.43_103.83,"Mersing, Malaysia","(103.83, 2.43)",120.07169722824696,2009.11,551,552
pt_22.240025_113.935646-grid_20.6_114.2,pt_22.240025_113.935646,"Lantau, China","(113.935646, 22.240025)",grid_20.6_114.2,grid_20.6_114.2,"(114.2, 20.6)",183.64427880791234,2009.11,553,554
grid_20.6_114.2-grid_9.5_110.0,grid_20.6_114.2,grid_20.6_114.2,"(114.2, 20.6)",grid_9.5_110.0,grid_9.5_110.0,"(110.0, 9.5)",1308.334986300273,2009.11,554,555
grid_9.5_110.0-grid_8.0_109.5,grid_9.5_110.0,grid_9.5_110.0,"(110.0, 9.5)",grid_8.0_109.5,grid_8.0_109.5,"(109.5, 8.0)",174.78394392733617,2009.11,555,556
grid_8.0_109.5-grid_5.6_107.7,grid_8.0_109.5,grid_8.0_109.5,"(109.5, 8.0)",grid_5.6_107.7,grid_5.6_107.7,"(107.7, 5.6)",331.70862932794904,2009.11,556,557
grid_5.6_107.7-pt_2.43_103.83,grid_5.6_107.7,grid_5.6_107.7,"(107.7, 5.6)",pt_2.43_103.83,"Mersing, Malaysia","(103.83, 2.43)",554.544705823088,2009.11,557,552
grid_20.6_114.2-pt_16.555172_120.33562,grid_20.6_114.2,grid_20.6_114.2,"(114.2, 20.6)",pt_16.555172_120.33562,"La Union, Philippines","(120.33562, 16.555172)",787.1566937460659,2009.11,554,558
pt_13.544909_144.809382-pt_16.555172_120.33562,pt_13.544909_144.809382,"Tanguisson, nan","(144.809382, 13.544909)",pt_16.555172_120.33562,"La Union, Philippines","(120.33562, 16.555172)",2650.821028531581,2009.11,559,558
pt_21.550171_-158.243155-grid_20.6_114.2,pt_21.550171_-158.243155,"Keawaula, nan","(-158.243155, 21.550171)",grid_20.6_114.2,grid_20.6_114.2,"(114.2, 20.6)",8956.467858070699,2009.11,560,554
grid_20.6_114.2-pt_13.544909_144.809382,grid_20.6_114.2,grid_20.6_114.2,"(114.2, 20.6)",pt_13.544909_144.809382,"Tanguisson, nan","(144.809382, 13.544909)",3344.5451731986086,2009.11,554,559
pt_21.550171_-158.243155-pt_35.2742_-120.6631,pt_21.550171_-158.243155,"Keawaula, nan","(-158.243155, 21.550171)",pt_35.2742_-120.6631,"San Luis Obispo, United States","(-120.6631, 35.2742)",3954.272070107903,2009.11,560,561
pt_13.1744_100.9306-grid_5.6_107.7,pt_13.1744_100.9306,"Sriracha, Thailand","(100.9306, 13.1744)",grid_5.6_107.7,grid_5.6_107.7,"(107.7, 5.6)",1119.7439429914268,2009.11,562,557
pt_4.971273_114.87746-grid_8.0_109.5,pt_4.971273_114.87746,"Tungku, nan","(114.87746, 4.971273)",grid_8.0_109.5,grid_8.0_109.5,"(109.5, 8.0)",682.5671546833203,2009.11,563,556
pt_10.4042_107.1417-grid_9.5_110.0,pt_10.4042_107.1417,"Vung Tau, Vietnam","(107.1417, 10.4042)",grid_9.5_110.0,grid_9.5_110.0,"(110.0, 9.5)",328.99320777718634,2009.11,564,555
pt_-20.907575_55.542525-pt_-18.155_49.41,pt_-20.907575_55.542525,"St. Marie, nan","(55.542525, -20.907575)",pt_-18.155_49.41,"Toamasina, Madagascar","(49.41, -18.155)",712.0045415921836,2009.12,565,566
pt_-20.907575_55.542525-pt_-20.122253_57.522389,pt_-20.907575_55.542525,"St. Marie, nan","(55.542525, -20.907575)",pt_-20.122253_57.522389,"Terre Rouge, nan","(57.522389, -20.122253)",224.0580989236006,2009.12,565,567
pt_1.13_104.0531-pt_1.353925_103.974697,pt_1.13_104.0531,"Batam, Indonesia","(104.0531, 1.13)",pt_1.353925_103.974697,"Changi South, Singapore","(103.9746973, 1.3539247)",26.25293852813535,2009.15,568,569
pt_2.194324_102.251331-pt_1.6667_101.45,pt_2.194324_102.251331,"Melaka, Malaysia","(102.251331, 2.194324)",pt_1.6667_101.45,"Dumai, Indonesia","(101.45, 1.6667)",106.54627996120202,2009.18,570,571
pt_1.6667_101.45-pt_1.13_104.0531,pt_1.6667_101.45,"Dumai, Indonesia","(101.45, 1.6667)",pt_1.13_104.0531,"Batam, Indonesia","(104.0531, 1.13)",295.7052602485853,2009.18,571,572
pt_-13.8333_-171.8333-pt_-14.2794_-170.7006,pt_-13.8333_-171.8333,"Apia, nan","(-171.8333, -13.8333)",pt_-14.2794_-170.7006,"Pago Pago, nan","(-170.7006, -14.2794)",131.92069180387807,2009.19,573,574
pt_63.705311_-20.594039-pt_55.7794_8.2894,pt_63.705311_-20.594039,"Landeyjarsandur, Iceland","(-20.594039, 63.705311)",pt_55.7794_8.2894,"Blaabjerg, Denmark","(8.2894, 55.7794)",1826.230841842946,2009.1,575,576
pt_35.9388_14.4537-pt_36.7303_14.8467,pt_35.9388_14.4537,"Bahar ic-Caghaq, Malta","(14.4537, 35.9388)",pt_36.7303_14.8467,"Pozzalio, Italy","(14.8467, 36.7303)",94.65114677172372,2009.20,577,578
pt_25.133318_56.348522-pt_-4.05_39.6667,pt_25.133318_56.348522,"Fujairah, United Arab Emirates","(56.348522, 25.133318)",pt_-4.05_39.6667,"Mombasa, Kenya","(39.6667, -4.05)",3698.305542017011,2009.21,579,580
pt_64.175_-51.7333-pt_48.2199_-53.96,pt_64.175_-51.7333,"Nuuk, nan","(-51.7333, 64.175)",pt_48.2199_-53.96,"Milton, Canada","(-53.96, 48.2199)",1781.5842176683127,2009.22,581,582
pt_63.7262_-20.633393-grid_59.6_-48.7,pt_63.7262_-20.633393,"Landeyarsandur, Iceland","(-20.633393, 63.7262)",grid_59.6_-48.7,grid_59.6_-48.7,"(-48.7, 59.6)",1541.832899700071,2009.22,583,584
grid_59.6_-48.7-pt_64.175_-51.7333,grid_59.6_-48.7,grid_59.6_-48.7,"(-48.7, 59.6)",pt_64.175_-51.7333,"Nuuk, nan","(-51.7333, 64.175)",534.0772593050341,2009.22,584,581
pt_60.7167_-46.0333-grid_59.6_-48.7,pt_60.7167_-46.0333,"Qaqortoq, nan","(-46.0333, 60.7167)",grid_59.6_-48.7,grid_59.6_-48.7,"(-48.7, 59.6)",193.3915795007697,2009.22,585,584
pt_1.297617_103.619334-grid_0.8_103.9,pt_1.297617_103.619334,"Tuas, Singapore","(103.619334, 1.297617)",grid_0.8_103.9,grid_0.8_103.9,"(103.9, 0.8)",63.272845562827364,2009.2,586,587
grid_0.8_103.9-grid_-2.2_105.9,grid_0.8_103.9,grid_0.8_103.9,"(103.9, 0.8)",grid_-2.2_105.9,grid_-2.2_105.9,"(105.9, -2.2)",399.48764996980935,2009.2,587,588
grid_-2.2_105.9-pt_-6.130492_106.839314,grid_-2.2_105.9,grid_-2.2_105.9,"(105.9, -2.2)",pt_-6.130492_106.839314,"Jakarta, Indonesia","(106.839314, -6.130492)",446.96810935849936,2009.2,588,589
pt_-0.0206_109.3414-grid_-2.2_105.9,pt_-0.0206_109.3414,"Ponitianak, Indonesia","(109.3414, -0.0206)",grid_-2.2_105.9,grid_-2.2_105.9,"(105.9, -2.2)",452.50854191311515,2009.2,590,588
pt_1.13_104.0531-grid_0.8_103.9,pt_1.13_104.0531,"Batam, Indonesia","(104.0531, 1.13)",grid_0.8_103.9,grid_0.8_103.9,"(103.9, 0.8)",40.27249391994328,2009.2,591,587
pt_35.948322_14.395578-pt_37.6517_12.5875,pt_35.948322_14.395578,"St. Pauls Bay, Malta","(14.395578, 35.948322)",pt_37.6517_12.5875,"Mazara de Vallo, Italy","(12.5875, 37.6517)",248.52335194875187,2009.3,592,593
pt_-33.8678_151.21-grid_0.6_150.3,pt_-33.8678_151.21,"Sydney, Australia","(151.21, -33.8678)",grid_0.6_150.3,grid_0.6_150.3,"(150.3, 0.6)",3816.529743426558,2009.4,594,595
grid_0.6_150.3-pt_13.4608_144.6908,grid_0.6_150.3,grid_0.6_150.3,"(150.3, 0.6)",pt_13.4608_144.6908,"Piti, nan","(144.6908, 13.4608)",1550.9590691553608,2009.4,595,596
pt_-5.2167_145.8-grid_0.6_150.3,pt_-5.2167_145.8,"Madang, Papua New Guinea","(145.8, -5.2167)",grid_0.6_150.3,grid_0.6_150.3,"(150.3, 0.6)",814.8723186770617,2009.4,597,595
pt_11.59791_43.149044-grid_13.0_51.6,pt_11.59791_43.149044,"Djibouti, Djibouti","(43.149044, 11.59791)",grid_13.0_51.6,grid_13.0_51.6,"(51.6, 13.0)",932.2347627487984,2009.6,598,599
grid_13.0_51.6-pt_19.0758_72.8775,grid_13.0_51.6,grid_13.0_51.6,"(51.6, 13.0)",pt_19.0758_72.8775,"Mumbai, India","(72.8775, 19.0758)",2371.937837789737,2009.6,599,600
pt_29.5989_32.6797-grid_21.0_38.5,pt_29.5989_32.6797,"Ras Sidr, Egypt","(32.6797, 29.5989)",grid_21.0_38.5,grid_21.0_38.5,"(38.5, 21.0)",1117.9506466638868,2009.6,601,602
grid_21.0_38.5-pt_11.59791_43.149044,grid_21.0_38.5,grid_21.0_38.5,"(38.5, 21.0)",pt_11.59791_43.149044,"Djibouti, Djibouti","(43.149044, 11.59791)",1152.7131719551128,2009.6,602,598
pt_31.1975_29.8925-pt_43.2967_5.3764,pt_31.1975_29.8925,"Alexandria, Egypt","(29.8925, 31.1975)",pt_43.2967_5.3764,"Marseille, France","(5.3764, 43.2967)",2541.5263887991423,2009.6,603,604
pt_-6.805019_39.283459-grid_-6.8_40.1,pt_-6.805019_39.283459,"Dar es Salaam, Tanzania","(39.283459, -6.805019)",grid_-6.8_40.1,grid_-6.8_40.1,"(40.1, -6.8)",90.26297780058292,2009.6,605,606
grid_-6.8_40.1-grid_-6.6_42.2,grid_-6.8_40.1,grid_-6.8_40.1,"(40.1, -6.8)",grid_-6.6_42.2,grid_-6.6_42.2,"(42.2, -6.6)",233.23580086969602,2009.6,606,607
grid_-6.6_42.2-grid_13.0_51.6,grid_-6.6_42.2,grid_-6.6_42.2,"(42.2, -6.6)",grid_13.0_51.6,grid_13.0_51.6,"(51.6, 13.0)",2403.967848798153,2009.6,607,599
pt_21.5428_39.1728-grid_21.0_38.5,pt_21.5428_39.1728,"Jeddah, Saudi Arabia","(39.1728, 21.5428)",grid_21.0_38.5,grid_21.0_38.5,"(38.5, 21.0)",92.12623833961442,2009.6,608,602
pt_-4.05_39.6667-grid_-6.8_40.1,pt_-4.05_39.6667,"Mombasa, Kenya","(39.6667, -4.05)",grid_-6.8_40.1,grid_-6.8_40.1,"(40.1, -6.8)",307.874367020891,2009.6,609,606
pt_-28.95_31.75-grid_-27.7_36.9,pt_-28.95_31.75,"Mtunzini, South Africa","(31.75, -28.95)",grid_-27.7_36.9,grid_-27.7_36.9,"(36.9, -27.7)",523.6355827599103,2009.6,610,611
grid_-27.7_36.9-grid_-23.1_39.3,grid_-27.7_36.9,grid_-27.7_36.9,"(36.9, -27.7)",grid_-23.1_39.3,grid_-23.1_39.3,"(39.3, -23.1)",563.8615091253511,2009.6,611,612
grid_-23.1_39.3-grid_-6.6_42.2,grid_-23.1_39.3,grid_-23.1_39.3,"(39.3, -23.1)",grid_-6.6_42.2,grid_-6.6_42.2,"(42.2, -6.6)",1852.0546451642135,2009.6,612,607
pt_-23.35_43.6667-grid_-23.1_39.3,pt_-23.35_43.6667,"Toliary, Madagascar","(43.6667, -23.35)",grid_-23.1_39.3,grid_-23.1_39.3,"(39.3, -23.1)",447.77910039634264,2009.6,613,612
pt_-25.951815_32.589394-grid_-27.7_36.9,pt_-25.951815_32.589394,"Maputo, Mozambique","(32.589394, -25.951815)",grid_-27.7_36.9,grid_-27.7_36.9,"(36.9, -27.7)",470.20643284384795,2009.6,614,611
pt_1.297617_103.619334-grid_9.3_110.8,pt_1.297617_103.619334,"Tuas, Singapore","(103.619334, 1.297617)",grid_9.3_110.8,grid_9.3_110.8,"(110.8, 9.3)",1189.7978824378224,2009.7,615,616
grid_9.3_110.8-grid_19.0_121.4,grid_9.3_110.8,grid_9.3_110.8,"(110.8, 9.3)",grid_19.0_121.4,grid_19.0_121.4,"(121.4, 19.0)",1567.6677851317788,2009.7,616,617
grid_19.0_121.4-pt_18.4108_121.5169,grid_19.0_121.4,grid_19.0_121.4,"(121.4, 19.0)",pt_18.4108_121.5169,"Ballesteros, Philippines","(121.5169, 18.4108)",66.37303913308418,2009.7,617,618
pt_10.4042_107.1417-grid_9.3_110.8,pt_10.4042_107.1417,"Vung Tau, Vietnam","(107.1417, 10.4042)",grid_9.3_110.8,grid_9.3_110.8,"(110.8, 9.3)",419.4399123505493,2009.7,619,616
pt_13.4608_144.6908-grid_19.0_121.4,pt_13.4608_144.6908,"Piti, nan","(144.6908, 13.4608)",grid_19.0_121.4,grid_19.0_121.4,"(121.4, 19.0)",2561.8764228841997,2009.7,620,617
pt_22.246895_114.184357-grid_19.0_121.4,pt_22.246895_114.184357,"Deep Water Bay, China","(114.184357, 22.246895)",grid_19.0_121.4,grid_19.0_121.4,"(121.4, 19.0)",833.3870790984352,2009.7,621,617
pt_37.654_12.589-pt_36.8475_11.0939,pt_37.654_12.589,"Mazara, Italy","(12.589, 37.654)",pt_36.8475_11.0939,"Kelibia, Tunisia","(11.0939, 36.8475)",160.0142906544099,2009.8,622,623
pt_4.75_7.0-grid_3.1_5.1,pt_4.75_7.0,"Port Harcourt, Nigeria","(7.0, 4.75)",grid_3.1_5.1,grid_3.1_5.1,"(5.1, 3.1)",278.9519387017253,2010.10,624,625
grid_3.1_5.1-grid_2.0_1.0,grid_3.1_5.1,grid_3.1_5.1,"(5.1, 3.1)",grid_2.0_1.0,grid_2.0_1.0,"(1.0, 2.0)",471.89906860822026,2010.10,625,626
grid_2.0_1.0-grid_1.4_-4.4,grid_2.0_1.0,grid_2.0_1.0,"(1.0, 2.0)",grid_1.4_-4.4,grid_1.4_-4.4,"(-4.4, 1.4)",604.5112332905538,2010.10,626,627
grid_1.4_-4.4-grid_14.6_-20.5,grid_1.4_-4.4,grid_1.4_-4.4,"(-4.4, 1.4)",grid_14.6_-20.5,grid_14.6_-20.5,"(-20.5, 14.6)",2294.9071957234214,2010.10,627,628
grid_14.6_-20.5-grid_28.5_-16.8,grid_14.6_-20.5,grid_14.6_-20.5,"(-20.5, 14.6)",grid_28.5_-16.8,grid_28.5_-16.8,"(-16.8, 28.5)",1585.7883651685213,2010.10,628,629
grid_28.5_-16.8-grid_35.9_-11.5,grid_28.5_-16.8,grid_28.5_-16.8,"(-16.8, 28.5)",grid_35.9_-11.5,grid_35.9_-11.5,"(-11.5, 35.9)",960.356845863918,2010.10,629,630
grid_35.9_-11.5-pt_38.644624_-9.096583,grid_35.9_-11.5,grid_35.9_-11.5,"(-11.5, 35.9)",pt_38.644624_-9.096583,"Seixal, Portugal","(-9.096583, 38.644624)",371.75086881478774,2010.10,630,631
pt_-8.844_13.2465-pt_6.55_3.355,pt_-8.844_13.2465,"nan, Angola","(13.2465, -8.844)",pt_6.55_3.355,"nan, Nigeria","(3.355, 6.55)",2025.4630268125118,2010.10,632,633
pt_-8.844_13.2465-pt_-33.93_18.53,pt_-8.844_13.2465,"nan, Angola","(13.2465, -8.844)",pt_-33.93_18.53,"nan, South Africa","(18.53, -33.93)",2830.168795804406,2010.10,632,634
pt_33.5992_-7.62-grid_35.9_-11.5,pt_33.5992_-7.62,"Casablanca, Morocco","(-7.62, 33.5992)",grid_35.9_-11.5,grid_35.9_-11.5,"(-11.5, 35.9)",437.39062320394044,2010.10,635,630
pt_28.2686_-16.6056-grid_28.5_-16.8,pt_28.2686_-16.6056,"Tenerife, nan","(-16.6056, 28.2686)",grid_28.5_-16.8,grid_28.5_-16.8,"(-16.8, 28.5)",31.948328199044813,2010.10,636,629
pt_14.7319_-17.4572-grid_14.6_-20.5,pt_14.7319_-17.4572,"Dakar, Senegal","(-17.4572, 14.7319)",grid_14.6_-20.5,grid_14.6_-20.5,"(-20.5, 14.6)",328.0793416558133,2010.10,637,628
pt_5.260247_-4.003358-grid_1.4_-4.4,pt_5.260247_-4.003358,"Abidjan, Ivory Coast","(-4.003358, 5.260247)",grid_1.4_-4.4,grid_1.4_-4.4,"(-4.4, 1.4)",429.12916324232026,2010.10,638,627
pt_5.5461_-0.2067-grid_2.0_1.0,pt_5.5461_-0.2067,"Accra, Ghana","(-0.2067, 5.5461)",grid_2.0_1.0,grid_2.0_1.0,"(1.0, 2.0)",414.3953952092284,2010.10,639,626
pt_6.45_3.4-grid_3.1_5.1,pt_6.45_3.4,"Lagos, Nigeria","(3.4, 6.45)",grid_3.1_5.1,grid_3.1_5.1,"(5.1, 3.1)",415.6799668397185,2010.10,640,625
pt_-36.4833_-56.7-pt_-34.9088_-54.9581,pt_-36.4833_-56.7,"Las Toninas, Argentina","(-56.7, -36.4833)",pt_-34.9088_-54.9581,"Maldonaldo, Uruguay","(-54.9581, -34.9088)",235.30765740227173,2010.13,642,643
pt_10.301146_-61.004419-grid_8.1_-56.1,pt_10.301146_-61.004419,"Trinidad, Trinidad and Tobago, Trinidad and Tobago","(-61.004419, 10.301146)",grid_8.1_-56.1,grid_8.1_-56.1,"(-56.1, 8.1)",591.37592318663,2010.15,644,645
grid_8.1_-56.1-pt_5.857967_-55.164,grid_8.1_-56.1,grid_8.1_-56.1,"(-56.1, 8.1)",pt_5.857967_-55.164,"nan, Suriname","(-55.164, 5.85796747)",268.6526857539761,2010.15,645,646
pt_6.755_-58.1342-grid_8.1_-56.1,pt_6.755_-58.1342,"nan, Guyana","(-58.1342, 6.755)",grid_8.1_-56.1,grid_8.1_-56.1,"(-56.1, 8.1)",269.3508113800477,2010.15,647,645
pt_50.824_-4.542-grid_42.5_-11.7,pt_50.824_-4.542,"Bude, Great Britain","(-4.542, 50.824)",grid_42.5_-11.7,grid_42.5_-11.7,"(-11.7, 42.5)",1074.1680201214222,2010.19,648,649
grid_42.5_-11.7-grid_37.7_-12.9,grid_42.5_-11.7,grid_42.5_-11.7,"(-11.7, 42.5)",grid_37.7_-12.9,grid_37.7_-12.9,"(-12.9, 37.7)",542.6915256091391,2010.19,649,650
grid_37.7_-12.9-grid_34.9_-12.9,grid_37.7_-12.9,grid_37.7_-12.9,"(-12.9, 37.7)",grid_34.9_-12.9,grid_34.9_-12.9,"(-12.9, 34.9)",310.7009911765936,2010.19,650,651
grid_34.9_-12.9-grid_18.6_-16.2,grid_34.9_-12.9,grid_34.9_-12.9,"(-12.9, 34.9)",grid_18.6_-16.2,grid_18.6_-16.2,"(-16.2, 18.6)",1835.343817138576,2010.19,651,652
grid_18.6_-16.2-grid_14.3_-17.9,grid_18.6_-16.2,grid_18.6_-16.2,"(-16.2, 18.6)",grid_14.3_-17.9,grid_14.3_-17.9,"(-17.9, 14.3)",509.2902677123868,2010.19,652,653
grid_14.3_-17.9-grid_4.2_2.8,grid_14.3_-17.9,grid_14.3_-17.9,"(-17.9, 14.3)",grid_4.2_2.8,grid_4.2_2.8,"(2.8, 4.2)",2530.930415995797,2010.19,653,654
grid_4.2_2.8-pt_6.45_3.4,grid_4.2_2.8,grid_4.2_2.8,"(2.8, 4.2)",pt_6.45_3.4,"Lagos, Nigeria","(3.4, 6.45)",257.5476012964707,2010.19,654,655
pt_42.2358_-8.7267-grid_42.5_-11.7,pt_42.2358_-8.7267,"Vigo, Spain","(-8.7267, 42.2358)",grid_42.5_-11.7,grid_42.5_-11.7,"(-11.7, 42.5)",246.65501372398566,2010.19,656,649
pt_38.46045_-9.10498-grid_37.7_-12.9,pt_38.46045_-9.10498,"Sesimbra, Portugal","(-9.10498046875, 38.46045)",grid_37.7_-12.9,grid_37.7_-12.9,"(-12.9, 37.7)",343.46575894226413,2010.19,657,650
pt_33.5992_-7.62-grid_34.9_-12.9,pt_33.5992_-7.62,"Casablanca, Morocco","(-7.62, 33.5992)",grid_34.9_-12.9,grid_34.9_-12.9,"(-12.9, 34.9)",507.2373095877872,2010.19,658,651
pt_18.0858_-15.9785-grid_18.6_-16.2,pt_18.0858_-15.9785,"Nouakchott, Mauretania","(-15.9785, 18.0858)",grid_18.6_-16.2,grid_18.6_-16.2,"(-16.2, 18.6)",61.54117767889805,2010.19,659,652
pt_14.7319_-17.4572-grid_14.3_-17.9,pt_14.7319_-17.4572,"Dakar, Senegal","(-17.4572, 14.7319)",grid_14.3_-17.9,grid_14.3_-17.9,"(-17.9, 14.3)",67.5399029183398,2010.19,660,653
pt_5.5461_-0.2067-grid_4.2_2.8,pt_5.5461_-0.2067,"Accra, Ghana","(-0.2067, 5.5461)",grid_4.2_2.8,grid_4.2_2.8,"(2.8, 4.2)",365.2072543946158,2010.19,661,654
pt_7.062433_171.260852-grid_8.2_167.6,pt_7.062433_171.260852,"Majuro, nan","(171.260852, 7.062433)",grid_8.2_167.6,grid_8.2_167.6,"(167.6, 8.2)",423.06918871485215,2010.1,662,663
grid_8.2_167.6-grid_10.4_158.9,grid_8.2_167.6,grid_8.2_167.6,"(167.6, 8.2)",grid_10.4_158.9,grid_10.4_158.9,"(158.9, 10.4)",986.2346004895816,2010.1,663,664
grid_10.4_158.9-grid_11.8_153.3,grid_10.4_158.9,grid_10.4_158.9,"(158.9, 10.4)",grid_11.8_153.3,grid_11.8_153.3,"(153.3, 11.8)",631.0732579618995,2010.1,664,665
grid_11.8_153.3-pt_13.511_144.809,grid_11.8_153.3,grid_11.8_153.3,"(153.3, 11.8)",pt_13.511_144.809,"Tumon Bay, nan","(144.809, 13.511)",941.540844397824,2010.1,665,666
pt_6.875051_158.199523-grid_10.4_158.9,pt_6.875051_158.199523,"Pohnpei, nan","(158.199523, 6.875051)",grid_10.4_158.9,grid_10.4_158.9,"(158.9, 10.4)",397.4059829239182,2010.1,667,664
pt_8.782974_167.737547-grid_8.2_167.6,pt_8.782974_167.737547,"Ebeye, Regan Test Site, Kwajalein, nan","(167.737547, 8.782974)",grid_8.2_167.6,grid_8.2_167.6,"(167.6, 8.2)",66.23086454372843,2010.1,668,663
pt_7.378574_151.864388-grid_11.8_153.3,pt_7.378574_151.864388,"Chuuk, nan","(151.864388, 7.378574)",grid_11.8_153.3,grid_11.8_153.3,"(153.3, 11.8)",513.7869864138377,2010.1,669,665
pt_31.1975_29.8925-grid_31.7_29.5,pt_31.1975_29.8925,"Alexandria, Egypt","(29.8925, 31.1975)",grid_31.7_29.5,grid_31.7_29.5,"(29.5, 31.7)",67.05349833803879,2010.20,670,671
grid_31.7_29.5-pt_43.2967_5.3764,grid_31.7_29.5,grid_31.7_29.5,"(29.5, 31.7)",pt_43.2967_5.3764,"Marseille, France","(5.3764, 43.2967)",2477.658748830489,2010.20,671,672
pt_34.9167_33.6333-grid_31.7_29.5,pt_34.9167_33.6333,"Pentaskhinos, Cyprus","(33.6333, 34.9167)",grid_31.7_29.5,grid_31.7_29.5,"(29.5, 31.7)",524.7249069479377,2010.20,673,671
pt_43.2967_5.3764-grid_35.4_15.0,pt_43.2967_5.3764,"Marseille, France","(5.3764, 43.2967)",grid_35.4_15.0,grid_35.4_15.0,"(15.0, 35.4)",1205.3372380645424,2010.22,674,675
grid_35.4_15.0-grid_31.7_29.5,grid_35.4_15.0,grid_35.4_15.0,"(15.0, 35.4)",grid_31.7_29.5,grid_31.7_29.5,"(29.5, 31.7)",1406.1719419794542,2010.22,675,676
grid_31.7_29.5-pt_31.1975_29.8925,grid_31.7_29.5,grid_31.7_29.5,"(29.5, 31.7)",pt_31.1975_29.8925,"Alexandria, Egypt","(29.8925, 31.1975)",67.05349833803879,2010.22,676,677
pt_31.1975_29.8925-pt_29.9667_32.5333,pt_31.1975_29.8925,"Alexandria, Egypt","(29.8925, 31.1975)",pt_29.9667_32.5333,"Suez, Egypt","(32.5333, 29.9667)",287.7007566086179,2010.22,677,678
pt_19.0758_72.8775-grid_21.6_64.3,pt_19.0758_72.8775,"Mumbai, India","(72.8775, 19.0758)",grid_21.6_64.3,grid_21.6_64.3,"(64.3, 21.6)",938.0673439446491,2010.22,679,680
grid_21.6_64.3-grid_25.4_56.3,grid_21.6_64.3,grid_21.6_64.3,"(64.3, 21.6)",grid_25.4_56.3,grid_25.4_56.3,"(56.3, 25.4)",918.8371385595835,2010.22,680,681
grid_25.4_56.3-grid_30.0_34.9,grid_25.4_56.3,grid_25.4_56.3,"(56.3, 25.4)",grid_30.0_34.9,grid_30.0_34.9,"(34.9, 30.0)",2167.810058043606,2010.22,681,682
grid_30.0_34.9-pt_29.9667_32.5333,grid_30.0_34.9,grid_30.0_34.9,"(34.9, 30.0)",pt_29.9667_32.5333,"Suez, Egypt","(32.5333, 29.9667)",228.4179568696838,2010.22,682,678
pt_37.5027_15.0873-grid_35.4_15.0,pt_37.5027_15.0873,"Catania, Italy","(15.0873, 37.5027)",grid_35.4_15.0,grid_35.4_15.0,"(15.0, 35.4)",233.46238274166788,2010.22,683,675
pt_34.4367_35.8344-grid_31.7_29.5,pt_34.4367_35.8344,"Tripoli, Lebanon","(35.8344, 34.4367)",grid_31.7_29.5,grid_31.7_29.5,"(29.5, 31.7)",664.6444618706574,2010.22,684,676
pt_21.5428_39.1728-grid_30.0_34.9,pt_21.5428_39.1728,"Jeddah, Saudi Arabia","(39.1728, 21.5428)",grid_30.0_34.9,grid_30.0_34.9,"(34.9, 30.0)",1030.0355099480948,2010.22,685,682
pt_25.133318_56.348522-grid_25.4_56.3,pt_25.133318_56.348522,"Fujairah, United Arab Emirates","(56.348522, 25.133318)",grid_25.4_56.3,grid_25.4_56.3,"(56.3, 25.4)",29.94379353785452,2010.22,686,681
pt_24.86_67.01-grid_21.6_64.3,pt_24.86_67.01,"Karachi, Pakistan","(67.01, 24.86)",grid_21.6_64.3,grid_21.6_64.3,"(64.3, 21.6)",455.239894213478,2010.22,687,680
pt_43.2967_5.3764-pt_32.08_34.78,pt_43.2967_5.3764,"Marseille, France","(5.3764, 43.2967)",pt_32.08_34.78,"Tel Aviv, Israel","(34.78, 32.08)",2856.556363343163,2010.24,688,689
pt_-0.820333_103.5-pt_1.13_104.0531,pt_-0.820333_103.5,"Kuala Tungkai, Indonesia","(103.5, -0.8203332)",pt_1.13_104.0531,"Batam, Indonesia","(104.0531, 1.13)",224.2732144608098,2010.28,690,691
pt_1.26454_103.71057-pt_1.13_104.0531,pt_1.26454_103.71057,"Sakra Island, Singapore","(103.7105702, 1.26454)",pt_1.13_104.0531,"Batam, Indonesia","(104.0531, 1.13)",40.921892493916005,2010.28,692,691
pt_33.8664_-118.3997-pt_34.95_139.95,pt_33.8664_-118.3997,"Hermosa Beach, United States","(-118.3997, 33.8664)",pt_34.95_139.95,"Chikura, Japan","(139.95, 34.95)",8861.771524136688,2010.2,693,694
pt_20.025607_-155.823073-pt_-17.5397_-149.5689,pt_20.025607_-155.823073,"Spencer Beach, nan","(-155.823073, 20.025607)",pt_-17.5397_-149.5689,"Papeete, nan","(-149.5689, -17.5397)",4211.0669387282815,2010.7,695,696
pt_-17.5397_-149.5689-pt_-17.5167_-149.8167,pt_-17.5397_-149.5689,"Papeete, nan","(-149.5689, -17.5397)",pt_-17.5167_-149.8167,"Moorea, nan","(-149.8167, -17.5167)",26.434999926730676,2010.7,696,697
pt_-17.5167_-149.8167-pt_-16.697555_-151.029969,pt_-17.5167_-149.8167,"Moorea, nan","(-149.8167, -17.5167)",pt_-16.697555_-151.029969,"Huahine, nan","(-151.029969, -16.697555)",157.76727506855562,2010.7,697,698
pt_-16.7239_-151.4506-pt_-16.697555_-151.029969,pt_-16.7239_-151.4506,"Uturoa, nan","(-151.4506, -16.7239)",pt_-16.697555_-151.029969,"Huahine, nan","(-151.029969, -16.697555)",44.95402068736255,2010.7,699,698
pt_-16.5064_-151.749-pt_-16.7239_-151.4506,pt_-16.5064_-151.749,"Vaitape, nan","(-151.749, -16.5064)",pt_-16.7239_-151.4506,"Uturoa, nan","(-151.4506, -16.7239)",39.91367516374059,2010.7,700,699
pt_19.6158_37.2164-grid_12.2_44.0,pt_19.6158_37.2164,"Port Sudan, Sudan","(37.2164, 19.6158)",grid_12.2_44.0,grid_12.2_44.0,"(44.0, 12.2)",1095.508138519632,2010.9,701,702
grid_12.2_44.0-grid_-1.3_49.3,grid_12.2_44.0,grid_12.2_44.0,"(44.0, 12.2)",grid_-1.3_49.3,grid_-1.3_49.3,"(49.3, -1.3)",1603.82564801301,2010.9,702,703
grid_-1.3_49.3-grid_-7.4_46.7,grid_-1.3_49.3,grid_-1.3_49.3,"(49.3, -1.3)",grid_-7.4_46.7,grid_-7.4_46.7,"(46.7, -7.4)",733.6397407415291,2010.9,703,704
grid_-7.4_46.7-grid_-8.8_46.0,grid_-7.4_46.7,grid_-7.4_46.7,"(46.7, -7.4)",grid_-8.8_46.0,grid_-8.8_46.0,"(46.0, -8.8)",172.99097044245326,2010.9,704,705
grid_-8.8_46.0-grid_-12.0_44.4,grid_-8.8_46.0,grid_-8.8_46.0,"(46.0, -8.8)",grid_-12.0_44.4,grid_-12.0_44.4,"(44.4, -12.0)",394.9321406933243,2010.9,705,706
grid_-12.0_44.4-grid_-12.4_44.2,grid_-12.0_44.4,grid_-12.0_44.4,"(44.4, -12.0)",grid_-12.4_44.2,grid_-12.4_44.2,"(44.2, -12.4)",49.312344871951964,2010.9,706,707
grid_-12.4_44.2-grid_-23.2_39.3,grid_-12.4_44.2,grid_-12.4_44.2,"(44.2, -12.4)",grid_-23.2_39.3,grid_-23.2_39.3,"(39.3, -23.2)",1302.960245157481,2010.9,707,708
grid_-23.2_39.3-grid_-27.7_36.9,grid_-23.2_39.3,grid_-23.2_39.3,"(39.3, -23.2)",grid_-27.7_36.9,grid_-27.7_36.9,"(36.9, -27.7)",553.8317869609408,2010.9,708,709
grid_-27.7_36.9-pt_-28.95_31.75,grid_-27.7_36.9,grid_-27.7_36.9,"(36.9, -27.7)",pt_-28.95_31.75,"Mtunzini, South Africa","(31.75, -28.95)",523.6355827599103,2010.9,709,710
pt_11.593223_43.150705-grid_12.2_44.0,pt_11.593223_43.150705,"Djibouti, Djibouti","(43.150705, 11.593223)",grid_12.2_44.0,grid_12.2_44.0,"(44.0, 12.2)",114.30802731331529,2010.9,711,702
pt_2.0392_45.3419-grid_-1.3_49.3,pt_2.0392_45.3419,"Mogadishu, Somalia","(45.3419, 2.0392)",grid_-1.3_49.3,grid_-1.3_49.3,"(49.3, -1.3)",574.8123096628099,2010.9,712,703
pt_-4.05_39.6667-grid_-7.4_46.7,pt_-4.05_39.6667,"Mombasa, Kenya","(39.6667, -4.05)",grid_-7.4_46.7,grid_-7.4_46.7,"(46.7, -7.4)",862.5533205355385,2010.9,713,704
pt_-6.800674_39.284785-grid_-8.8_46.0,pt_-6.800674_39.284785,"Dar-es-Salaam, Tanzania","(39.284785, -6.800674)",grid_-8.8_46.0,grid_-8.8_46.0,"(46.0, -8.8)",772.9189147667212,2010.9,714,705
pt_-11.7036_43.2536-grid_-12.0_44.4,pt_-11.7036_43.2536,"Moroni, nan","(43.2536, -11.7036)",grid_-12.0_44.4,grid_-12.0_44.4,"(44.4, -12.0)",129.14508075644355,2010.9,715,706
pt_-12.9092_45.1944-grid_-12.4_44.2,pt_-12.9092_45.1944,"Bandele, nan","(45.1944, -12.9092)",grid_-12.4_44.2,grid_-12.4_44.2,"(44.2, -12.4)",121.82951599050112,2010.9,716,707
pt_-23.35_43.6667-grid_-23.2_39.3,pt_-23.35_43.6667,"Toliary, Madagascar","(43.6667, -23.35)",grid_-23.2_39.3,grid_-23.2_39.3,"(39.3, -23.2)",447.0647705836286,2010.9,717,708
pt_-25.949963_32.592141-grid_-27.7_36.9,pt_-25.949963_32.592141,"Maputo, Mozambique","(32.592141, -25.949963)",grid_-27.7_36.9,grid_-27.7_36.9,"(36.9, -27.7)",470.0453948987004,2010.9,718,709
pt_37.9_23.8733-pt_34.7289_33.3378,pt_37.9_23.8733,"Koropi, Greece","(23.8733, 37.9)",pt_34.7289_33.3378,"Pentaskhinos, Cyprus","(33.3378, 34.7289)",919.3369516233836,2011.10,719,720
pt_41.3133_19.4458-pt_41.1253_16.8667,pt_41.3133_19.4458,"Durres, Albania","(19.4458, 41.3133)",pt_41.1253_16.8667,"Bari, Italy","(16.8667, 41.1253)",217.2695193127978,2011.11,721,722
pt_-36.4833_-56.7-pt_-34.9088_-54.9581,pt_-36.4833_-56.7,"Las Toninas, Argentina","(-56.7, -36.4833)",pt_-34.9088_-54.9581,"Maldonaldo, Uruguay","(-54.9581, -34.9088)",235.30765740227173,2011.12,723,724
pt_19.6158_37.2164-pt_21.5428_39.1728,pt_19.6158_37.2164,"Port Sudan, Sudan","(37.2164, 19.6158)",pt_21.5428_39.1728,"Jeddah, Saudi Arabia","(39.1728, 21.5428)",295.14936588375525,2011.13,725,726
pt_36.085_35.9806-pt_35.2857_33.8913,pt_36.085_35.9806,"Samandag, Turkey","(35.9806, 36.085)",pt_35.2857_33.8913,"Tricomo, Cyprus","(33.8913, 35.2857)",208.87853398656068,2011.14,727,728
pt_25.0_56.0-pt_23.6667_58.1617,pt_25.0_56.0,"Fujairah, United Arab Emirates","(56.0, 25.0)",pt_23.6667_58.1617,"Al Seeb, Oman","(58.1617, 23.6667)",264.4531809789288,2011.15,729,730
pt_25.0_52.0-pt_25.0_56.0,pt_25.0_52.0,"ad-Daʿayan, Qatar","(52.0, 25.0)",pt_25.0_56.0,"Fujairah, United Arab Emirates","(56.0, 25.0)",403.7857091379591,2011.15,731,729
pt_29.98_48.47-grid_29.5_48.8,pt_29.98_48.47,"Al Faw, Iraq","(48.47, 29.98)",grid_29.5_48.8,grid_29.5_48.8,"(48.8, 29.5)",62.04891339196283,2011.15,732,733
grid_29.5_48.8-grid_28.3_50.0,grid_29.5_48.8,grid_29.5_48.8,"(48.8, 29.5)",grid_28.3_50.0,grid_28.3_50.0,"(50.0, 28.3)",177.16185140819425,2011.15,733,734
grid_28.3_50.0-grid_26.7_51.3,grid_28.3_50.0,grid_28.3_50.0,"(50.0, 28.3)",grid_26.7_51.3,grid_26.7_51.3,"(51.3, 26.7)",218.93721361768223,2011.15,734,735
grid_26.7_51.3-pt_25.0_52.0,grid_26.7_51.3,grid_26.7_51.3,"(51.3, 26.7)",pt_25.0_52.0,"ad-Daʿayan, Qatar","(52.0, 25.0)",200.98191398097788,2011.15,735,731
pt_26.25_50.65-grid_26.7_51.3,pt_26.25_50.65,"Al Hidd, nan","(50.65, 26.25)",grid_26.7_51.3,grid_26.7_51.3,"(51.3, 26.7)",81.77061180607517,2011.15,736,735
pt_26.3_50.2167-grid_26.7_51.3,pt_26.3_50.2167,"Al Khobar, Saudi Arabia","(50.2167, 26.3)",grid_26.7_51.3,grid_26.7_51.3,"(51.3, 26.7)",116.73355327127652,2011.15,737,735
pt_29.375_47.98-grid_29.5_48.8,pt_29.375_47.98,"Kuwait City, Kuwait","(47.98, 29.375)",grid_29.5_48.8,grid_29.5_48.8,"(48.8, 29.5)",80.75836688310648,2011.15,738,733
pt_28.9689_50.8367-grid_28.7_50.5,pt_28.9689_50.8367,"Bushehr , Iran","(50.8367, 28.9689)",grid_28.7_50.5,grid_28.7_50.5,"(50.5, 28.7)",44.36194628982051,2011.15,739,740
grid_28.7_50.5-grid_28.3_50.0,grid_28.7_50.5,grid_28.7_50.5,"(50.5, 28.7)",grid_28.3_50.0,grid_28.3_50.0,"(50.0, 28.3)",66.04181918533875,2011.15,740,734
pt_25.0_56.0-grid_28.7_50.5,pt_25.0_56.0,"Fujairah, United Arab Emirates","(56.0, 25.0)",grid_28.7_50.5,grid_28.7_50.5,"(50.5, 28.7)",683.109928518153,2011.15,729,740
pt_28.009552_-15.708606-pt_36.7357_-6.4348,pt_28.009552_-15.708606,"Alta Vista, nan","(-15.7086057, 28.0095522)",pt_36.7357_-6.4348,"Chipiona, Spain","(-6.4348, 36.7357)",1301.6769311932294,2011.18,741,742
pt_28.355_-16.37-pt_36.2756_-6.0877,pt_28.355_-16.37,"Candelaria, nan","(-16.37, 28.355)",pt_36.2756_-6.0877,"Conil, Spain","(-6.0877, 36.2756)",1305.7605327805484,2011.19,743,744
pt_29.375_47.98-pt_26.3_50.2167,pt_29.375_47.98,"Kuwait City, Kuwait","(47.98, 29.375)",pt_26.3_50.2167,"Al Khobar, Saudi Arabia","(50.2167, 26.3)",405.76315586519826,2011.1,745,746
pt_26.225_50.5775-pt_26.3_50.2167,pt_26.225_50.5775,"Manama, nan","(50.5775, 26.225)",pt_26.3_50.2167,"Al Khobar, Saudi Arabia","(50.2167, 26.3)",36.98725857452541,2011.1,747,746
pt_25.578_51.483-pt_26.225_50.5775,pt_25.578_51.483,"Sumaisma, Qatar","(51.483, 25.578)",pt_26.225_50.5775,"Manama, nan","(50.5775, 26.225)",115.62864610490207,2011.1,748,747
pt_25.074282_55.188539-pt_25.578_51.483,pt_25.074282_55.188539,"Dubai, United Arab Emirates","(55.1885387, 25.0742823)",pt_25.578_51.483,"Sumaisma, Qatar","(51.483, 25.578)",377.2171171854109,2011.1,749,748
pt_2.329374_102.288096-pt_1.663197_101.447037,pt_2.329374_102.288096,"Melaka, Malaysia","(102.2880962, 2.3293744)",pt_1.663197_101.447037,"Dumai, Indonesia","(101.4470369, 1.6631967)",119.08593208767202,2011.20,750,751
pt_1.13_104.0531-pt_1.663197_101.447037,pt_1.13_104.0531,"Batam, Indonesia","(104.0531, 1.13)",pt_1.663197_101.447037,"Dumai, Indonesia","(101.4470369, 1.6631967)",295.9511192882388,2011.20,752,751
pt_31.1975_29.8925-grid_31.7_29.5,pt_31.1975_29.8925,"Alexandria, Egypt","(29.8925, 31.1975)",grid_31.7_29.5,grid_31.7_29.5,"(29.5, 31.7)",67.05349833803879,2011.21,753,754
grid_31.7_29.5-grid_36.1_18.7,grid_31.7_29.5,grid_31.7_29.5,"(29.5, 31.7)",grid_36.1_18.7,grid_36.1_18.7,"(18.7, 36.1)",1110.8396621105594,2011.21,754,755
grid_36.1_18.7-grid_43.2_7.8,grid_36.1_18.7,grid_36.1_18.7,"(18.7, 36.1)",grid_43.2_7.8,grid_43.2_7.8,"(7.8, 43.2)",1221.5224436655437,2011.21,755,756
grid_43.2_7.8-grid_42.7_3.7,grid_43.2_7.8,grid_43.2_7.8,"(7.8, 43.2)",grid_42.7_3.7,grid_42.7_3.7,"(3.7, 42.7)",339.131755830067,2011.21,756,757
grid_42.7_3.7-grid_47.2_-5.6,grid_42.7_3.7,grid_42.7_3.7,"(3.7, 42.7)",grid_47.2_-5.6,grid_47.2_-5.6,"(-5.6, 47.2)",887.1412216284621,2011.21,757,758
grid_47.2_-5.6-pt_50.824_-4.542,grid_47.2_-5.6,grid_47.2_-5.6,"(-5.6, 47.2)",pt_50.824_-4.542,"Bude, Great Britain","(-4.542, 50.824)",410.3769294141783,2011.21,758,759
pt_31.1975_29.8925-pt_29.5989_32.6797,pt_31.1975_29.8925,"Alexandria, Egypt","(29.8925, 31.1975)",pt_29.5989_32.6797,"Ras Sidr, Egypt","(32.6797, 29.5989)",321.1469926572314,2011.21,753,760
pt_19.0758_72.8775-grid_24.3_58.9,pt_19.0758_72.8775,"Mumbai, India","(72.8775, 19.0758)",grid_24.3_58.9,grid_24.3_58.9,"(58.9, 24.3)",1556.7170584142084,2011.21,761,762
grid_24.3_58.9-grid_29.6_34.8,grid_24.3_58.9,grid_24.3_58.9,"(58.9, 24.3)",grid_29.6_34.8,grid_29.6_34.8,"(34.8, 29.6)",2459.0556330804757,2011.21,762,763
grid_29.6_34.8-pt_29.5989_32.6797,grid_29.6_34.8,grid_29.6_34.8,"(34.8, 29.6)",pt_29.5989_32.6797,"Ras Sidr, Egypt","(32.6797, 29.5989)",205.39360508141513,2011.21,763,760
pt_23.6139_58.5922-pt_25.0_56.0,pt_23.6139_58.5922,"Muscat, Oman","(58.5922, 23.6139)",pt_25.0_56.0,"Fujairah, United Arab Emirates","(56.0, 25.0)",304.63369862876243,2011.21,764,765
pt_38.46045_-9.10498-grid_47.2_-5.6,pt_38.46045_-9.10498,"Sesimbra, Portugal","(-9.10498046875, 38.46045)",grid_47.2_-5.6,grid_47.2_-5.6,"(-5.6, 47.2)",1011.9992478469466,2011.21,766,758
pt_36.0_53.0-grid_31.7_29.5,pt_36.0_53.0,"Gibraltar, nan","(53.0, 36.0)",grid_31.7_29.5,grid_31.7_29.5,"(29.5, 31.7)",2220.6874783977673,2011.21,767,754
pt_35.5667_-5.3667-grid_42.7_3.7,pt_35.5667_-5.3667,"Teutan, Morocco","(-5.3667, 35.5667)",grid_42.7_3.7,grid_42.7_3.7,"(3.7, 42.7)",1113.0237294160765,2011.21,768,757
pt_43.731_7.4248-grid_43.2_7.8,pt_43.731_7.4248,"Monaco, nan","(7.4248, 43.731)",grid_43.2_7.8,grid_43.2_7.8,"(7.8, 43.2)",66.34948888470383,2011.21,769,756
pt_33.0_13.177792-grid_36.1_18.7,pt_33.0_13.177792,"Tripoli, Libya","(13.1777923, 33.0)",grid_36.1_18.7,grid_36.1_18.7,"(18.7, 36.1)",612.3301977136111,2011.21,770,755
pt_21.5428_39.1728-grid_29.6_34.8,pt_21.5428_39.1728,"Jeddah, Saudi Arabia","(39.1728, 21.5428)",grid_29.6_34.8,grid_29.6_34.8,"(34.8, 29.6)",994.597238109808,2011.21,771,763
pt_11.565606_43.0-grid_29.6_34.8,pt_11.565606_43.0,"Haramous, Djibouti","(43.0, 11.5656056)",grid_29.6_34.8,grid_29.6_34.8,"(34.8, 29.6)",2170.0423341057362,2011.21,772,763
pt_23.6139_58.5922-grid_24.3_58.9,pt_23.6139_58.5922,"Muscat, Oman","(58.5922, 23.6139)",grid_24.3_58.9,grid_24.3_58.9,"(58.9, 24.3)",82.19565654534405,2011.21,764,762
pt_17.9149_-76.1882-grid_17.6_-69.9,pt_17.9149_-76.1882,"Morant Point, Jamaica","(-76.1882, 17.9149)",grid_17.6_-69.9,grid_17.6_-69.9,"(-69.9, 17.6)",667.7341429780078,2011.2,773,774
grid_17.6_-69.9-pt_18.4333_-64.6167,grid_17.6_-69.9,grid_17.6_-69.9,"(-69.9, 17.6)",pt_18.4333_-64.6167,"Nanny Cay, nan","(-64.6167, 18.4333)",567.0013106414204,2011.2,774,775
pt_18.4764_-69.8933-grid_17.6_-69.9,pt_18.4764_-69.8933,"Santo Domingo , Dominican Republic","(-69.8933, 18.4764)",grid_17.6_-69.9,grid_17.6_-69.9,"(-69.9, 17.6)",97.00328429239839,2011.2,776,774
pt_28.2686_-16.6056-pt_36.535_-6.2975,pt_28.2686_-16.6056,"Tenerife, nan","(-16.6056, 28.2686)",pt_36.535_-6.2975,"Cadiz, Spain","(-6.2975, 36.535)",1332.8386994015357,2011.3,777,778
pt_20.0217_-75.8294-pt_10.6_-66.9331,pt_20.0217_-75.8294,"Santiago de Cuba, Cuba","(-75.8294, 20.0217)",pt_10.6_-66.9331,"La Guaria , Venezuela","(-66.9331, 10.6)",1413.1752074372034,2011.4,779,780
pt_18.3994_-77.1031-pt_20.0217_-75.8294,pt_18.3994_-77.1031,"Ochos Rios, Jamaica","(-77.1031, 18.3994)",pt_20.0217_-75.8294,"Santiago de Cuba, Cuba","(-75.8294, 20.0217)",224.02543820080248,2011.5,781,782
pt_31.1975_29.8925-grid_31.7_29.5,pt_31.1975_29.8925,"Alexandria, Egypt","(29.8925, 31.1975)",grid_31.7_29.5,grid_31.7_29.5,"(29.5, 31.7)",67.05349833803879,2011.6,783,784
grid_31.7_29.5-pt_43.2967_5.3764,grid_31.7_29.5,grid_31.7_29.5,"(29.5, 31.7)",pt_43.2967_5.3764,"Marseille, France","(5.3764, 43.2967)",2477.658748830489,2011.6,784,785
pt_34.7609_32.4484-grid_31.7_29.5,pt_34.7609_32.4484,"Yeroskipos, Cyprus","(32.4484, 34.7609)",grid_31.7_29.5,grid_31.7_29.5,"(29.5, 31.7)",436.7221361280272,2011.6,786,784
pt_32.7636_22.6361-pt_35.5167_24.0167,pt_32.7636_22.6361,"Derna, Libya","(22.6361, 32.7636)",pt_35.5167_24.0167,"Chania, Greece","(24.0167, 35.5167)",330.8602847680803,2011.8,787,788
pt_43.2967_5.3764-pt_31.1975_29.8925,pt_43.2967_5.3764,"Marseille, France","(5.3764, 43.2967)",pt_31.1975_29.8925,"Alexandria, Egypt","(29.8925, 31.1975)",2541.5263887991423,2011.9,789,790
pt_41.1253_16.8667-pt_32.08_34.78,pt_41.1253_16.8667,"Bari, Italy","(16.8667, 41.1253)",pt_32.08_34.78,"Tel Aviv, Israel","(34.78, 32.08)",1885.3825278716276,2012.12,791,792
pt_51.5564_-4.168-pt_52.1667_-6.5833,pt_51.5564_-4.168,"Oxwich Bay, Great Britain","(-4.168, 51.5564)",pt_52.1667_-6.5833,"Kilmore Quay, Ireland","(-6.5833, 52.1667)",179.7008039381879,2012.13,793,794
pt_13.0825_80.275-pt_22.8167_89.55,pt_13.0825_80.275,"Chennai, India","(80.275, 13.0825)",pt_22.8167_89.55,"Khulna, Bangladesh","(89.55, 22.8167)",1457.0321008262476,2012.14,795,796
pt_51.8822_-5.2686-pt_38.46045_-9.10498,pt_51.8822_-5.2686,"Whitesands Bay, Great Britain","(-5.2686, 51.8822)",pt_38.46045_-9.10498,"Sesimbra, Portugal","(-9.10498046875, 38.46045)",1521.250218327228,2012.15,797,798
pt_6.45_3.4-grid_5.1_3.1,pt_6.45_3.4,"Lagos, Nigeria","(3.4, 6.45)",grid_5.1_3.1,grid_5.1_3.1,"(3.1, 5.1)",152.9433617981732,2012.15,799,800
grid_5.1_3.1-grid_4.2_2.8,grid_5.1_3.1,grid_5.1_3.1,"(3.1, 5.1)",grid_4.2_2.8,grid_4.2_2.8,"(2.8, 4.2)",104.94233115228784,2012.15,800,801
grid_4.2_2.8-grid_2.4_1.7,grid_4.2_2.8,grid_4.2_2.8,"(2.8, 4.2)",grid_2.4_1.7,grid_2.4_1.7,"(1.7, 2.4)",233.58270471130785,2012.15,801,802
grid_2.4_1.7-grid_1.4_-4.4,grid_2.4_1.7,grid_2.4_1.7,"(1.7, 2.4)",grid_1.4_-4.4,grid_1.4_-4.4,"(-4.4, 1.4)",687.6181517853735,2012.15,802,803
grid_1.4_-4.4-grid_15.0_-20.6,grid_1.4_-4.4,grid_1.4_-4.4,"(-4.4, 1.4)",grid_15.0_-20.6,grid_15.0_-20.6,"(-20.6, 15.0)",2330.822529214846,2012.15,803,804
grid_15.0_-20.6-grid_28.7_-16.6,grid_15.0_-20.6,grid_15.0_-20.6,"(-20.6, 15.0)",grid_28.7_-16.6,grid_28.7_-16.6,"(-16.6, 28.7)",1571.9824357254972,2012.15,804,805
grid_28.7_-16.6-pt_38.46045_-9.10498,grid_28.7_-16.6,grid_28.7_-16.6,"(-16.6, 28.7)",pt_38.46045_-9.10498,"Sesimbra, Portugal","(-9.10498046875, 38.46045)",1285.7752012250007,2012.15,805,798
pt_28.009552_-15.708606-grid_28.7_-16.6,pt_28.009552_-15.708606,"Alta Vista, nan","(-15.7086057, 28.0095522)",grid_28.7_-16.6,grid_28.7_-16.6,"(-16.6, 28.7)",116.1551925875197,2012.15,806,805
pt_14.9177_-23.5092-grid_15.0_-20.6,pt_14.9177_-23.5092,"Praia, nan","(-23.5092, 14.9177)",grid_15.0_-20.6,grid_15.0_-20.6,"(-20.6, 15.0)",313.0758297520968,2012.15,807,804
pt_5.0_-4.0-grid_1.4_-4.4,pt_5.0_-4.0,"Abidjan, Ivory Coast","(-4.0, 5.0)",grid_1.4_-4.4,grid_1.4_-4.4,"(-4.4, 1.4)",400.55529195050605,2012.15,808,803
pt_5.5461_-0.2067-grid_4.2_2.8,pt_5.5461_-0.2067,"Accra, Ghana","(-0.2067, 5.5461)",grid_4.2_2.8,grid_4.2_2.8,"(2.8, 4.2)",365.2072543946158,2012.15,809,801
pt_6.1319_1.2228-grid_5.1_3.1,pt_6.1319_1.2228,"Lome, Togo","(1.2228, 6.1319)",grid_5.1_3.1,grid_5.1_3.1,"(3.1, 5.1)",237.2194279034013,2012.15,810,800
pt_-33.3511_18.1496-grid_-23.4_10.3,pt_-33.3511_18.1496,"Yzerfonstein, South Africa","(18.1496, -33.3511)",grid_-23.4_10.3,grid_-23.4_10.3,"(10.3, -23.4)",1343.6018072242832,2012.15,811,812
grid_-23.4_10.3-grid_-11.7_6.4,grid_-23.4_10.3,grid_-23.4_10.3,"(10.3, -23.4)",grid_-11.7_6.4,grid_-11.7_6.4,"(6.4, -11.7)",1359.2406023003323,2012.15,812,813
grid_-11.7_6.4-grid_-8.1_5.2,grid_-11.7_6.4,grid_-11.7_6.4,"(6.4, -11.7)",grid_-8.1_5.2,grid_-8.1_5.2,"(5.2, -8.1)",419.36500695852516,2012.15,813,814
grid_-8.1_5.2-grid_-0.3_2.6,grid_-8.1_5.2,grid_-8.1_5.2,"(5.2, -8.1)",grid_-0.3_2.6,grid_-0.3_2.6,"(2.6, -0.3)",909.4873876474807,2012.15,814,815
grid_-0.3_2.6-grid_2.4_1.7,grid_-0.3_2.6,grid_-0.3_2.6,"(2.6, -0.3)",grid_2.4_1.7,grid_2.4_1.7,"(1.7, 2.4)",314.9058729469752,2012.15,815,802
pt_-22.6667_14.5333-grid_-23.4_10.3,pt_-22.6667_14.5333,"Swakopmund, Namibia","(14.5333, -22.6667)",grid_-23.4_10.3,grid_-23.4_10.3,"(10.3, -23.4)",441.4167216060814,2012.15,816,812
pt_-8.8383_13.2344-grid_-11.7_6.4,pt_-8.8383_13.2344,"Luanda, Angola","(13.2344, -8.8383)",grid_-11.7_6.4,grid_-11.7_6.4,"(6.4, -11.7)",812.7652460642576,2012.15,817,813
pt_-5.93_12.35-grid_-8.1_5.2,pt_-5.93_12.35,"Muanda, Democratic Republic of Congo","(12.35, -5.93)",grid_-8.1_5.2,grid_-8.1_5.2,"(5.2, -8.1)",825.6067851756848,2012.15,818,814
pt_4.05_9.7-grid_-0.3_2.6,pt_4.05_9.7,"Douala, Cameroon","(9.7, 4.05)",grid_-0.3_2.6,grid_-0.3_2.6,"(2.6, -0.3)",924.7078504795433,2012.15,819,815
pt_-5.0_12.0-pt_-5.93_12.35,pt_-5.0_12.0,"Pointe-Noire, Republic of Congo","(12.0, -5.0)",pt_-5.93_12.35,"Muanda, Democratic Republic of Congo","(12.35, -5.93)",109.91401520070981,2012.15,820,818
pt_34.7289_33.3378-pt_34.8833_35.8833,pt_34.7289_33.3378,"Pentaskhinos, Cyprus","(33.3378, 34.7289)",pt_34.8833_35.8833,"Tartus, Syria","(35.8833, 34.8833)",233.5434276049605,2012.16,821,822
pt_-53.0_-68.608095-pt_-52.0_-68.0,pt_-53.0_-68.608095,"Espiritu Santo, Argentina","(-68.6080949, -53.0)",pt_-52.0_-68.0,"Punta Dungeness, Argentina","(-68.0, -52.0)",118.69122200014134,2012.17,823,824
pt_1.0_105.0-pt_1.327255_103.946505,pt_1.0_105.0,"Bintan, Indonesia","(105.0, 1.0)",pt_1.327255_103.946505,"Tanah Merah, Singapore","(103.9465048, 1.3272553)",122.70732411662418,2012.18,825,826
pt_1.13_104.0531-pt_1.327255_103.946505,pt_1.13_104.0531,"Batam, Indonesia","(104.0531, 1.13)",pt_1.327255_103.946505,"Tanah Merah, Singapore","(103.9465048, 1.3272553)",24.829022436778274,2012.18,827,826
pt_-7.144_110.012-pt_1.13_104.0531,pt_-7.144_110.012,"Pesaren, Indonesia","(110.012, -7.144)",pt_1.13_104.0531,"Batam, Indonesia","(104.0531, 1.13)",1129.2280186736368,2012.18,828,827
pt_-7.144_110.012-pt_3.0167_108.87,pt_-7.144_110.012,"Pesaren, Indonesia","(110.012, -7.144)",pt_3.0167_108.87,"Batu Prahu, Indonesia","(108.87, 3.0167)",1130.6973819617476,2012.18,828,829
pt_-6.175405_106.827168-pt_3.0167_108.87,pt_-6.175405_106.827168,"Jakarta, Indonesia","(106.827168, -6.1754049)",pt_3.0167_108.87,"Batu Prahu, Indonesia","(108.87, 3.0167)",1041.4963511445162,2012.18,830,829
pt_37.6517_12.5875-pt_31.1975_29.8925,pt_37.6517_12.5875,"Mazara de Vallo, Italy","(12.5875, 37.6517)",pt_31.1975_29.8925,"Alexandria, Egypt","(29.8925, 31.1975)",1740.792638433114,2012.1,832,833
pt_31.1975_29.8925-pt_29.0_33.0,pt_31.1975_29.8925,"Alexandria, Egypt","(29.8925, 31.1975)",pt_29.0_33.0,"Zafarana, Egypt","(33.0, 29.0)",386.05032052253773,2012.1,833,834
pt_23.6667_58.1617-grid_29.0_35.0,pt_23.6667_58.1617,"Al Seeb, Oman","(58.1617, 23.6667)",grid_29.0_35.0,grid_29.0_35.0,"(35.0, 29.0)",2382.1687033831154,2012.1,835,836
grid_29.0_35.0-pt_29.0_33.0,grid_29.0_35.0,grid_29.0_35.0,"(35.0, 29.0)",pt_29.0_33.0,"Zafarana, Egypt","(33.0, 29.0)",194.87549076710846,2012.1,836,834
pt_19.0758_72.8775-pt_23.6667_58.1617,pt_19.0758_72.8775,"Mumbai, India","(72.8775, 19.0758)",pt_23.6667_58.1617,"Al Seeb, Oman","(58.1617, 23.6667)",1607.519777189313,2012.1,837,835
pt_21.5428_39.1728-grid_29.0_35.0,pt_21.5428_39.1728,"Jeddah, Saudi Arabia","(39.1728, 21.5428)",grid_29.0_35.0,grid_29.0_35.0,"(35.0, 29.0)",926.6413538604116,2012.1,838,836
pt_-4.6236_55.4544-pt_-6.816084_39.0,pt_-4.6236_55.4544,"Victoria, nan","(55.4544, -4.6236)",pt_-6.816084_39.0,"Dar Es Salaam, Tanzania","(39.0, -6.8160837)",1838.5167574726354,2012.20,839,840
pt_34.7609_32.4484-pt_32.8192_34.9992,pt_34.7609_32.4484,"Yeroskipos, Cyprus","(32.4484, 34.7609)",pt_32.8192_34.9992,"Haifa, Israel","(34.9992, 32.8192)",319.64877522944334,2012.21,841,842
pt_53.3167_-4.6333-pt_53.3833_-6.2,pt_53.3167_-4.6333,"Holyhead, Great Britain","(-4.6333, 53.3167)",pt_53.3833_-6.2,"Clonslaugh, Ireland","(-6.2, 53.3833)",104.59215917609694,2012.23,843,844
pt_26.8197_59.9744-pt_23.7092_57.8869,pt_26.8197_59.9744,"Jask, Iran","(59.9744, 26.8197)",pt_23.7092_57.8869,"Barka, Oman","(57.8869, 23.7092)",403.64401751251546,2012.24,845,846
pt_25.2919_60.6431-pt_23.7092_57.8869,pt_25.2919_60.6431,"Chabahar, Iran","(60.6431, 25.2919)",pt_23.7092_57.8869,"Barka, Oman","(57.8869, 23.7092)",329.7885609069834,2012.24,847,846
pt_60.837_-148.985-pt_61.03968_-149.679327,pt_60.837_-148.985,"Portage, United States","(-148.985, 60.837)",pt_61.03968_-149.679327,"McHugh Point, United States","(-149.6793271, 61.0396798)",43.896121767514785,2012.25,848,849
pt_24.4797_118.0819-pt_35.4906_112.8483,pt_24.4797_118.0819,"Dadeng, China","(118.0819, 24.4797)",pt_35.4906_112.8483,"Gunintou, Taiwan","(112.8483, 35.4906)",1320.3494838283452,2012.26,850,851
pt_24.451796_118.308174-pt_24.4797_118.0819,pt_24.451796_118.308174,"Lake Ci, Taiwan","(118.308174, 24.4517961)",pt_24.4797_118.0819,"Dadeng, China","(118.0819, 24.4797)",23.147435581864865,2012.26,852,850
pt_53.3497_-6.2603-pt_53.3167_-4.6333,pt_53.3497_-6.2603,"Dublin , Ireland","(-6.2603, 53.3497)",pt_53.3167_-4.6333,"Holyhead, Great Britain","(-4.6333, 53.3167)",108.44932806213444,2012.3,853,854
pt_47.8122_-4.3378-grid_41.2_-12.8,pt_47.8122_-4.3378,"Penmarch, France","(-4.3378, 47.8122)",grid_41.2_-12.8,grid_41.2_-12.8,"(-12.8, 41.2)",995.1554692010842,2012.4,855,856
grid_41.2_-12.8-grid_37.6_-14.6,grid_41.2_-12.8,grid_41.2_-12.8,"(-12.8, 41.2)",grid_37.6_-14.6,grid_37.6_-14.6,"(-14.6, 37.6)",428.6739527776423,2012.4,856,857
grid_37.6_-14.6-grid_28.7_-18.1,grid_37.6_-14.6,grid_37.6_-14.6,"(-14.6, 37.6)",grid_28.7_-18.1,grid_28.7_-18.1,"(-18.1, 28.7)",1039.448609426572,2012.4,857,858
grid_28.7_-18.1-grid_16.3_-18.7,grid_28.7_-18.1,grid_28.7_-18.1,"(-18.1, 28.7)",grid_16.3_-18.7,grid_16.3_-18.7,"(-18.7, 16.3)",1374.556987561806,2012.4,858,859
grid_16.3_-18.7-pt_14.7319_-17.4572,grid_16.3_-18.7,grid_16.3_-18.7,"(-18.7, 16.3)",pt_14.7319_-17.4572,"Dakar, Senegal","(-17.4572, 14.7319)",218.82749923329993,2012.4,859,860
pt_5.0_-4.0-grid_3.5_-12.8,pt_5.0_-4.0,"Abidjan, Ivory Coast","(-4.0, 5.0)",grid_3.5_-12.8,grid_3.5_-12.8,"(-12.8, 3.5)",990.8839898651943,2012.4,861,862
grid_3.5_-12.8-grid_7.1_-16.4,grid_3.5_-12.8,grid_3.5_-12.8,"(-12.8, 3.5)",grid_7.1_-16.4,grid_7.1_-16.4,"(-16.4, 7.1)",563.6235202240888,2012.4,862,863
grid_7.1_-16.4-grid_7.4_-16.6,grid_7.1_-16.4,grid_7.1_-16.4,"(-16.4, 7.1)",grid_7.4_-16.6,grid_7.4_-16.6,"(-16.6, 7.4)",39.857121357080025,2012.4,863,864
grid_7.4_-16.6-grid_12.9_-17.9,grid_7.4_-16.6,grid_7.4_-16.6,"(-16.6, 7.4)",grid_12.9_-17.9,grid_12.9_-17.9,"(-17.9, 12.9)",624.7977720280038,2012.4,864,865
grid_12.9_-17.9-pt_14.7319_-17.4572,grid_12.9_-17.9,grid_12.9_-17.9,"(-17.9, 12.9)",pt_14.7319_-17.4572,"Dakar, Senegal","(-17.4572, 14.7319)",208.25433389324803,2012.4,865,860
pt_12.0_-16.65194-grid_12.9_-17.7,pt_12.0_-16.65194,"Sucujacque, Guinea Bissau","(-16.65194, 12.0)",grid_12.9_-17.7,grid_12.9_-17.7,"(-17.7, 12.9)",151.31325342304507,2012.4,866,867
grid_12.9_-17.7-pt_14.7319_-17.4572,grid_12.9_-17.7,grid_12.9_-17.7,"(-17.7, 12.9)",pt_14.7319_-17.4572,"Dakar, Senegal","(-17.4572, 14.7319)",204.37006206321715,2012.4,867,860
pt_1.865_9.77-grid_1.9_9.7,pt_1.865_9.77,"Bata, nan","(9.77, 1.865)",grid_1.9_9.7,grid_1.9_9.7,"(9.7, 1.9)",8.696772360869623,2012.4,868,869
grid_1.9_9.7-grid_1.1_6.4,grid_1.9_9.7,grid_1.9_9.7,"(9.7, 1.9)",grid_1.1_6.4,grid_1.1_6.4,"(6.4, 1.1)",377.7304806566432,2012.4,869,870
grid_1.1_6.4-grid_1.6_2.5,grid_1.1_6.4,grid_1.1_6.4,"(6.4, 1.1)",grid_1.6_2.5,grid_1.6_2.5,"(2.5, 1.6)",437.53207187176906,2012.4,870,871
grid_1.6_2.5-grid_1.7_2.1,grid_1.6_2.5,grid_1.6_2.5,"(2.5, 1.6)",grid_1.7_2.1,grid_1.7_2.1,"(2.1, 1.7)",45.862403051490425,2012.4,871,872
grid_1.7_2.1-grid_1.9_1.3,grid_1.7_2.1,grid_1.7_2.1,"(2.1, 1.7)",grid_1.9_1.3,grid_1.9_1.3,"(1.3, 1.9)",91.71801557046047,2012.4,872,873
grid_1.9_1.3-grid_3.0_-1.6,grid_1.9_1.3,grid_1.9_1.3,"(1.3, 1.9)",grid_3.0_-1.6,grid_3.0_-1.6,"(-1.6, 3.0)",344.701880792658,2012.4,873,874
grid_3.0_-1.6-pt_5.0_-4.0,grid_3.0_-1.6,grid_3.0_-1.6,"(-1.6, 3.0)",pt_5.0_-4.0,"Abidjan, Ivory Coast","(-4.0, 5.0)",346.3196732652066,2012.4,874,861
pt_-33.9253_18.4239-grid_-23.3_10.5,pt_-33.9253_18.4239,"Cape Town, South Africa","(18.4239, -33.9253)",grid_-23.3_10.5,grid_-23.3_10.5,"(10.5, -23.3)",1408.492319653385,2012.4,875,876
grid_-23.3_10.5-grid_-10.1_7.1,grid_-23.3_10.5,grid_-23.3_10.5,"(10.5, -23.3)",grid_-10.1_7.1,grid_-10.1_7.1,"(7.1, -10.1)",1504.9336216024974,2012.4,876,877
grid_-10.1_7.1-grid_-7.3_6.4,grid_-10.1_7.1,grid_-10.1_7.1,"(7.1, -10.1)",grid_-7.3_6.4,grid_-7.3_6.4,"(6.4, -7.3)",319.1149297781528,2012.4,877,878
grid_-7.3_6.4-pt_0.258333_6.741667,grid_-7.3_6.4,grid_-7.3_6.4,"(6.4, -7.3)",pt_0.258333_6.741667,"Santana, nan","(6.741667, 0.258333)",836.6613760957565,2012.4,878,879
pt_38.707751_-9.0-grid_41.2_-12.8,pt_38.707751_-9.0,"Lisbon, Portugal","(-9.0, 38.7077507)",grid_41.2_-12.8,grid_41.2_-12.8,"(-12.8, 41.2)",426.5538686840329,2012.4,880,856
pt_35.4667_-6.0333-grid_37.6_-14.6,pt_35.4667_-6.0333,"Asilah, Morocco","(-6.0333, 35.4667)",grid_37.6_-14.6,grid_37.6_-14.6,"(-14.6, 37.6)",802.5104344619446,2012.4,881,857
pt_28.1167_-16.5833-grid_28.7_-18.1,pt_28.1167_-16.5833,"Granadilla de Abona, nan","(-16.5833, 28.1167)",grid_28.7_-18.1,grid_28.7_-18.1,"(-18.1, 28.7)",162.0678745827385,2012.4,882,858
pt_18.0858_-15.9785-grid_16.3_-18.7,pt_18.0858_-15.9785,"Nouakchott, Mauretania","(-15.9785, 18.0858)",grid_16.3_-18.7,grid_16.3_-18.7,"(-18.7, 16.3)",350.51727082499434,2012.4,883,859
pt_13.0_-16.575646-grid_12.9_-17.7,pt_13.0_-16.575646,"Banjul, nan","(-16.575646, 13.0)",grid_12.9_-17.7,grid_12.9_-17.7,"(-17.7, 12.9)",122.50009886825319,2012.4,884,867
grid_12.9_-17.7-grid_12.9_-17.9,grid_12.9_-17.7,grid_12.9_-17.7,"(-17.7, 12.9)",grid_12.9_-17.9,grid_12.9_-17.9,"(-17.9, 12.9)",21.70560476877222,2012.4,867,865
pt_10.0_-14.0-grid_7.4_-16.6,pt_10.0_-14.0,"Conakry, Guinea","(-14.0, 10.0)",grid_7.4_-16.6,grid_7.4_-16.6,"(-16.6, 7.4)",405.63689592942666,2012.4,885,864
pt_8.4833_-13.2331-grid_7.1_-16.4,pt_8.4833_-13.2331,"Freetown, Sierra Leone","(-13.2331, 8.4833)",grid_7.1_-16.4,grid_7.1_-16.4,"(-16.4, 7.1)",381.3284775890763,2012.4,886,863
pt_6.3106_-10.8047-grid_3.5_-12.8,pt_6.3106_-10.8047,"Monrovia, Liberia","(-10.8047, 6.3106)",grid_3.5_-12.8,grid_3.5_-12.8,"(-12.8, 3.5)",381.53097901695565,2012.4,887,862
pt_5.5461_-0.2067-grid_3.0_-1.6,pt_5.5461_-0.2067,"Accra, Ghana","(-0.2067, 5.5461)",grid_3.0_-1.6,grid_3.0_-1.6,"(-1.6, 3.0)",321.23173759194714,2012.4,888,874
pt_6.1319_1.2228-grid_1.9_1.3,pt_6.1319_1.2228,"Lome, Togo","(1.2228, 6.1319)",grid_1.9_1.3,grid_1.9_1.3,"(1.3, 1.9)",468.04292414361373,2012.4,889,873
pt_6.3667_2.4167-grid_1.7_2.1,pt_6.3667_2.4167,"Cotonou, nan","(2.4167, 6.3667)",grid_1.7_2.1,grid_1.7_2.1,"(2.1, 1.7)",517.241733193572,2012.4,890,872
pt_6.45_3.4-grid_1.6_2.5,pt_6.45_3.4,"Lagos, Nigeria","(3.4, 6.45)",grid_1.6_2.5,grid_1.6_2.5,"(2.5, 1.6)",545.5420551258898,2012.4,891,871
pt_2.95_9.9167-grid_1.9_9.7,pt_2.95_9.9167,"Kribi, Cameroon","(9.9167, 2.95)",grid_1.9_9.7,grid_1.9_9.7,"(9.7, 1.9)",118.58018925400687,2012.4,892,869
pt_0.258333_6.741667-grid_0.3_6.8,pt_0.258333_6.741667,"Santana, nan","(6.741667, 0.258333)",grid_0.3_6.8,grid_0.3_6.8,"(6.8, 0.3)",7.961975329505965,2012.4,879,893
grid_0.3_6.8-grid_1.1_6.4,grid_0.3_6.8,grid_0.3_6.8,"(6.8, 0.3)",grid_1.1_6.4,grid_1.1_6.4,"(6.4, 1.1)",99.0327915272214,2012.4,893,870
pt_-5.93_12.35-grid_-7.3_6.4,pt_-5.93_12.35,"Muanda, Democratic Republic of Congo","(12.35, -5.93)",grid_-7.3_6.4,grid_-7.3_6.4,"(6.4, -7.3)",675.1690919283068,2012.4,894,878
pt_-8.8383_13.2344-grid_-10.1_7.1,pt_-8.8383_13.2344,"Luanda, Angola","(13.2344, -8.8383)",grid_-10.1_7.1,grid_-10.1_7.1,"(7.1, -10.1)",687.9143780471143,2012.4,895,877
pt_-22.6667_14.5333-grid_-23.3_10.5,pt_-22.6667_14.5333,"Swakopmund, Namibia","(14.5333, -22.6667)",grid_-23.3_10.5,grid_-23.3_10.5,"(10.5, -23.3)",419.4436112101489,2012.4,896,876
pt_0.3901_9.4544-grid_0.3_6.8,pt_0.3901_9.4544,"Libreville, Gabon","(9.4544, 0.3901)",grid_0.3_6.8,grid_0.3_6.8,"(6.8, 0.3)",295.64901215550987,2012.4,897,893
pt_-4.05_39.6667-pt_-12.7714_45.2236,pt_-4.05_39.6667,"Mombasa, Kenya","(39.6667, -4.05)",pt_-12.7714_45.2236,"Kaweni, nan","(45.2236, -12.7714)",1142.00633608758,2012.8,898,899
pt_10.620656_-66.715195-pt_19.9608_-75.7076,pt_10.620656_-66.715195,"Camuri, Venezuela","(-66.7151951, 10.6206563)",pt_19.9608_-75.7076,"Siboney, Cuba","(-75.7076, 19.9608)",1413.6178594490743,2013.10,900,901
pt_20.0217_-75.8294-pt_18.3994_-77.1031,pt_20.0217_-75.8294,"Santiago de Cuba, Cuba","(-75.8294, 20.0217)",pt_18.3994_-77.1031,"Ochos Rios, Jamaica","(-77.1031, 18.3994)",224.02543820080248,2013.10,902,903
pt_18.4108_121.5169-grid_18.9_121.8,pt_18.4108_121.5169,"Ballesteros, Philippines","(121.5169, 18.4108)",grid_18.9_121.8,grid_18.9_121.8,"(121.8, 18.9)",61.840247380427776,2013.11,904,905
grid_18.9_121.8-pt_36.8019_140.751,grid_18.9_121.8,grid_18.9_121.8,"(121.8, 18.9)",pt_36.8019_140.751,"Kitaibaraki, Japan","(140.751, 36.8019)",2713.0834255650366,2013.11,905,906
pt_22.1597_113.5594-grid_19.4_114.5,pt_22.1597_113.5594,"Taipa, nan","(113.5594, 22.1597)",grid_19.4_114.5,grid_19.4_114.5,"(114.5, 19.4)",320.84687782285613,2013.11,907,908
grid_19.4_114.5-grid_18.9_121.8,grid_19.4_114.5,grid_19.4_114.5,"(114.5, 19.4)",grid_18.9_121.8,grid_18.9_121.8,"(121.8, 18.9)",769.8730747588371,2013.11,908,905
pt_1.3167_103.7169-grid_2.3_105.0,pt_1.3167_103.7169,"Tuas, Singapore","(103.7169, 1.3167)",grid_2.3_105.0,grid_2.3_105.0,"(105.0, 2.3)",179.45148366031856,2013.11,909,910
grid_2.3_105.0-grid_19.4_114.5,grid_2.3_105.0,grid_2.3_105.0,"(105.0, 2.3)",grid_19.4_114.5,grid_19.4_114.5,"(114.5, 19.4)",2155.9895030671137,2013.11,910,908
pt_3.8167_103.3333-grid_2.3_105.0,pt_3.8167_103.3333,"Kuantan, Malaysia","(103.3333, 3.8167)",grid_2.3_105.0,grid_2.3_105.0,"(105.0, 2.3)",249.90387300677602,2013.11,911,910
pt_13.511_144.809-pt_26.2122_127.6792,pt_13.511_144.809,"Tumon Bay, nan","(144.809, 13.511)",pt_26.2122_127.6792,"Naha, Japan","(127.6792, 26.2122)",2274.8455225514926,2013.12,912,913
pt_33.8834_130.8752-pt_26.2122_127.6792,pt_33.8834_130.8752,"Kitakyushu, Japan","(130.8752, 33.8834)",pt_26.2122_127.6792,"Naha, Japan","(127.6792, 26.2122)",904.3577227195653,2013.12,914,913
pt_33.8834_130.8752-pt_37.0_127.0,pt_33.8834_130.8752,"Kitakyushu, Japan","(130.8752, 33.8834)",pt_37.0_127.0,"Incheon, South Korea","(127.0, 37.0)",493.22437379531124,2013.12,914,915
pt_1.3167_103.7169-grid_7.7_109.8,pt_1.3167_103.7169,"Tuas, Singapore","(103.7169, 1.3167)",grid_7.7_109.8,grid_7.7_109.8,"(109.8, 7.7)",976.4875254210784,2013.1,916,917
grid_7.7_109.8-grid_15.9_115.2,grid_7.7_109.8,grid_7.7_109.8,"(109.8, 7.7)",grid_15.9_115.2,grid_15.9_115.2,"(115.2, 15.9)",1080.9712670911883,2013.1,917,918
grid_15.9_115.2-grid_18.9_117.2,grid_15.9_115.2,grid_15.9_115.2,"(115.2, 15.9)",grid_18.9_117.2,grid_18.9_117.2,"(117.2, 18.9)",394.1916955658676,2013.1,918,919
grid_18.9_117.2-grid_19.5_117.7,grid_18.9_117.2,grid_18.9_117.2,"(117.2, 18.9)",grid_19.5_117.7,grid_19.5_117.7,"(117.7, 19.5)",84.71180349906544,2013.1,919,920
grid_19.5_117.7-pt_34.95_139.95,grid_19.5_117.7,grid_19.5_117.7,"(117.7, 19.5)",pt_34.95_139.95,"Chikura, Japan","(139.95, 34.95)",2778.9708524396083,2013.1,920,921
pt_14.0667_120.6333-grid_15.9_115.2,pt_14.0667_120.6333,"Nasugbo, Philippines","(120.6333, 14.0667)",grid_15.9_115.2,grid_15.9_115.2,"(115.2, 15.9)",618.5621161415384,2013.1,922,918
grid_22.218262_114.204761-grid_18.9_117.2,grid_22.218262_114.204761,grid_22.218262_114.204761,"(114.2047605, 22.2182618)",grid_18.9_117.2,grid_18.9_117.2,"(117.2, 18.9)",482.1452378055015,2013.1,923,919
pt_23.3735_116.6941-grid_19.5_117.7,pt_23.3735_116.6941,"Shantou, China","(116.6941, 23.3735)",grid_19.5_117.7,grid_19.5_117.7,"(117.7, 19.5)",441.3734667483585,2013.1,924,920
pt_4.723604_114.583744-grid_7.7_109.8,pt_4.723604_114.583744,"Telisai, nan","(114.5837436, 4.7236039)",grid_7.7_109.8,grid_7.7_109.8,"(109.8, 7.7)",623.3441169880406,2013.1,925,917
pt_25.7833_-80.2167-grid_20.9_-85.7,pt_25.7833_-80.2167,"Miami, United States","(-80.2167, 25.7833)",grid_20.9_-85.7,grid_20.9_-85.7,"(-85.7, 20.9)",778.8327018785707,2013.5,926,927
grid_20.9_-85.7-grid_20.3_-86.0,grid_20.9_-85.7,grid_20.9_-85.7,"(-85.7, 20.9)",grid_20.3_-86.0,grid_20.3_-86.0,"(-86.0, 20.3)",73.42056680569914,2013.5,927,928
grid_20.3_-86.0-pt_15.73_-88.6,grid_20.3_-86.0,grid_20.3_-86.0,"(-86.0, 20.3)",pt_15.73_-88.6,"Puerto Barrios, Guatemala","(-88.6, 15.73)",575.8459172136122,2013.5,928,929
pt_-3.7275_-38.5275-grid_18.4_-61.1,pt_-3.7275_-38.5275,"Fortaleza, Brazil","(-38.5275, -3.7275)",grid_18.4_-61.1,grid_18.4_-61.1,"(-61.1, 18.4)",3481.2653676499326,2013.5,930,931
grid_18.4_-61.1-grid_21.1_-63.8,grid_18.4_-61.1,grid_18.4_-61.1,"(-61.1, 18.4)",grid_21.1_-63.8,grid_21.1_-63.8,"(-63.8, 21.1)",411.58090451684836,2013.5,931,932
grid_21.1_-63.8-pt_30.3167_-81.65,grid_21.1_-63.8,grid_21.1_-63.8,"(-63.8, 21.1)",pt_30.3167_-81.65,"Jacksonville, United States","(-81.65, 30.3167)",2057.9965844951794,2013.5,932,933
pt_19.7958_-70.6944-pt_18.4653_-66.1167,pt_19.7958_-70.6944,"Puerto Plata, Dominican Republic","(-70.6944, 19.7958)",pt_18.4653_-66.1167,"San Juan, Puerto Rico","(-66.1167, 18.4653)",503.6063649250897,2013.5,934,935
pt_-3.7275_-38.5275-grid_-15.4_-34.1,pt_-3.7275_-38.5275,"Fortaleza, Brazil","(-38.5275, -3.7275)",grid_-15.4_-34.1,grid_-15.4_-34.1,"(-34.1, -15.4)",1379.2220502290866,2013.5,930,936
grid_-15.4_-34.1-pt_-22.9111_-43.2056,grid_-15.4_-34.1,grid_-15.4_-34.1,"(-34.1, -15.4)",pt_-22.9111_-43.2056,"Rio de Janeiro, Brazil","(-43.2056, -22.9111)",1267.5895827971972,2013.5,936,937
pt_21.1614_-86.8248-grid_20.9_-85.7,pt_21.1614_-86.8248,"Cancun , Mexico","(-86.8248, 21.1614)",grid_20.9_-85.7,grid_20.9_-85.7,"(-85.7, 20.9)",120.45028277543244,2013.5,938,927
pt_10.4236_-75.5253-grid_20.3_-86.0,pt_10.4236_-75.5253,"Cartagena, Colombia","(-75.5253, 10.4236)",grid_20.3_-86.0,grid_20.3_-86.0,"(-86.0, 20.3)",1566.877160896768,2013.5,939,928
pt_10.9833_-74.8019-grid_18.3_-61.2,pt_10.9833_-74.8019,"Baranqquila, Colombia","(-74.8019, 10.9833)",grid_18.3_-61.2,grid_18.3_-61.2,"(-61.2, 18.3)",1672.825875495207,2013.5,940,941
grid_18.3_-61.2-grid_18.4_-61.1,grid_18.3_-61.2,grid_18.3_-61.2,"(-61.2, 18.3)",grid_18.4_-61.1,grid_18.4_-61.1,"(-61.1, 18.4)",15.304337915815399,2013.5,941,931
pt_18.4653_-66.1167-grid_21.1_-63.8,pt_18.4653_-66.1167,"San Juan, Puerto Rico","(-66.1167, 18.4653)",grid_21.1_-63.8,grid_21.1_-63.8,"(-63.8, 21.1)",379.4594305166421,2013.5,935,932
pt_-12.9831_-38.4928-grid_-15.4_-34.1,pt_-12.9831_-38.4928,"Salvador da Bahia, Brazil","(-38.4928, -12.9831)",grid_-15.4_-34.1,grid_-15.4_-34.1,"(-34.1, -15.4)",544.3382143403215,2013.5,942,936
pt_19.7958_-70.6944-grid_20.08_-65.12,pt_19.7958_-70.6944,"Puerto Plata, Dominican Republic","(-70.6944, 19.7958)",grid_20.08_-65.12,grid_20.08_-65.12,"(-65.12, 20.080000000000002)",584.393041696273,2013.5,934,943
grid_20.08_-65.12-grid_18.3_-61.2,grid_20.08_-65.12,grid_20.08_-65.12,"(-65.12, 20.080000000000002)",grid_18.3_-61.2,grid_18.3_-61.2,"(-61.2, 18.3)",456.9105705456971,2013.5,943,941
pt_34.7289_33.3378-pt_34.4367_35.8344,pt_34.7289_33.3378,"Pentaskhinos, Cyprus","(33.3378, 34.7289)",pt_34.4367_35.8344,"Tripoli, Lebanon","(35.8344, 34.4367)",231.3365290196345,2013.6,944,945
pt_25.1667_121.4333-pt_26.0769_119.2917,pt_25.1667_121.4333,"Tanshui, Taiwan","(121.4333, 25.1667)",pt_26.0769_119.2917,"Fuzhou, China","(119.2917, 26.0769)",237.5505522002835,2013.8,946,947
pt_-21.1347_-175.2083-pt_-18.1333_178.4333,pt_-21.1347_-175.2083,"Nuku'alofa, nan","(-175.2083, -21.1347)",pt_-18.1333_178.4333,"Suva, nan","(178.4333, -18.1333)",744.9654936857645,2013.9,948,949
pt_56.45_9.4-pt_58.1467_7.9956,pt_56.45_9.4,"Tjele, Denmark","(9.4, 56.45)",pt_58.1467_7.9956,"Kristiansand, Norway","(7.9956, 58.1467)",207.04297301936694,2014.10,950,951
pt_-17.7333_168.3167-pt_-18.1333_178.4333,pt_-17.7333_168.3167,"Port Vila, nan","(168.3167, -17.7333)",pt_-18.1333_178.4333,"Suva, nan","(178.4333, -18.1333)",1072.579275674948,2014.1,952,953
pt_45.3386_36.4681-pt_45.423491_37.0,pt_45.3386_36.4681,"Kerch, Ukraine","(36.4681, 45.3386)",pt_45.423491_37.0,"Ilyich, Russia","(37.0, 45.423491)",42.71462181758964,2014.4,954,955
pt_37.6517_12.5875-pt_36.8475_11.0939,pt_37.6517_12.5875,"Mazara de Vallo, Italy","(12.5875, 37.6517)",pt_36.8475_11.0939,"Kelibia, Tunisia","(11.0939, 36.8475)",159.76293520573108,2014.5,956,957
pt_51.3_-3.011-grid_50.7_-8.1,pt_51.3_-3.011,"Brean, Great Britain","(-3.011, 51.3)",grid_50.7_-8.1,grid_50.7_-8.1,"(-8.1, 50.7)",363.3397599038399,2015.11,958,959
grid_50.7_-8.1-pt_44.6478_-63.5714,grid_50.7_-8.1,grid_50.7_-8.1,"(-8.1, 50.7)",pt_44.6478_-63.5714,"Halifax, Canada","(-63.5714, 44.6478)",4119.7108912876865,2015.11,959,960
pt_51.9_-8.4731-grid_50.7_-8.1,pt_51.9_-8.4731,"Cork, Ireland","(-8.4731, 51.9)",grid_50.7_-8.1,grid_50.7_-8.1,"(-8.1, 50.7)",136.01657930636657,2015.11,961,959
pt_6.45_3.4-pt_2.95_9.9167,pt_6.45_3.4,"Lagos, Nigeria","(3.4, 6.45)",pt_2.95_9.9167,"Kribi, Cameroon","(9.9167, 2.95)",819.9856364965849,2015.5,962,963
pt_18.4167_-64.5833-pt_30.3167_-81.65,pt_18.4167_-64.5833,"Tortola, nan","(-64.5833, 18.4167)",pt_30.3167_-81.65,"Jacksonville, United States","(-81.65, 30.3167)",2171.3262411357337,2015.9,964,965
pt_18.4394_-66.01-pt_18.4167_-64.5833,pt_18.4394_-66.01,"Isla Verde, Puerto Rico","(-66.01, 18.4394)",pt_18.4167_-64.5833,"Tortola, nan","(-64.5833, 18.4167)",150.74644256151578,2015.9,966,964
pt_9.443_-79.7545-grid_13.1_-78.0,pt_9.443_-79.7545,"Maria Chiquita, Panama","(-79.7545, 9.443)",grid_13.1_-78.0,grid_13.1_-78.0,"(-78.0, 13.1)",447.5777482703882,2015.9,967,968
grid_13.1_-78.0-grid_16.0_-71.0,grid_13.1_-78.0,grid_13.1_-78.0,"(-78.0, 13.1)",grid_16.0_-71.0,grid_16.0_-71.0,"(-71.0, 16.0)",819.6910537817791,2015.9,968,969
grid_16.0_-71.0-pt_18.4167_-64.5833,grid_16.0_-71.0,grid_16.0_-71.0,"(-71.0, 16.0)",pt_18.4167_-64.5833,"Tortola, nan","(-64.5833, 18.4167)",732.9722338177556,2015.9,969,964
pt_-0.95_-80.7162-pt_8.9571_-79.5593,pt_-0.95_-80.7162,"Manta, Ecuador","(-80.7162, -0.95)",pt_8.9571_-79.5593,"Balboa, Panama","(-79.5593, 8.9571)",1103.0395342527372,2015.9,970,971
pt_12.0_-69.0-pt_13.0_-70.0,pt_12.0_-69.0,"Tera Cora, nan","(-69.0, 12.0)",pt_13.0_-70.0,"Hudishibana, nan","(-70.0, 13.0)",155.090444205422,2015.9,972,973
pt_13.0_-70.0-grid_16.0_-71.0,pt_13.0_-70.0,"Hudishibana, nan","(-70.0, 13.0)",grid_16.0_-71.0,grid_16.0_-71.0,"(-71.0, 16.0)",348.9928231928199,2015.9,973,969
pt_10.4236_-75.5253-grid_13.1_-78.0,pt_10.4236_-75.5253,"Cartagena, Colombia","(-75.5253, 10.4236)",grid_13.1_-78.0,grid_13.1_-78.0,"(-78.0, 13.1)",400.4953078115217,2015.9,974,968
pt_35.0_129.04747-grid_33.5_128.5,pt_35.0_129.04747,"Pusan, South Korea","(129.04747, 35.0)",grid_33.5_128.5,grid_33.5_128.5,"(128.5, 33.5)",173.86351150775383,2016.10,975,976
grid_33.5_128.5-grid_29.9_127.6,grid_33.5_128.5,grid_33.5_128.5,"(128.5, 33.5)",grid_29.9_127.6,grid_29.9_127.6,"(127.6, 29.9)",408.1842005152879,2016.10,976,977
grid_29.9_127.6-grid_29.6_127.5,grid_29.9_127.6,grid_29.9_127.6,"(127.6, 29.9)",grid_29.6_127.5,grid_29.6_127.5,"(127.5, 29.6)",34.63265834575636,2016.10,977,978
grid_29.6_127.5-grid_24.2_125.2,grid_29.6_127.5,grid_29.6_127.5,"(127.5, 29.6)",grid_24.2_125.2,grid_24.2_125.2,"(125.2, 24.2)",640.4212530297339,2016.10,978,979
grid_24.2_125.2-grid_19.5_119.5,grid_24.2_125.2,grid_24.2_125.2,"(125.2, 24.2)",grid_19.5_119.5,grid_19.5_119.5,"(119.5, 19.5)",785.9288505696168,2016.10,979,980
grid_19.5_119.5-grid_18.7_116.9,grid_19.5_119.5,grid_19.5_119.5,"(119.5, 19.5)",grid_18.7_116.9,grid_18.7_116.9,"(116.9, 18.7)",287.5643770201509,2016.10,980,981
grid_18.7_116.9-grid_9.4_110.7,grid_18.7_116.9,grid_18.7_116.9,"(116.9, 18.7)",grid_9.4_110.7,grid_9.4_110.7,"(110.7, 9.4)",1227.2079065034582,2016.10,981,982
grid_9.4_110.7-pt_3.8167_103.3333,grid_9.4_110.7,grid_9.4_110.7,"(110.7, 9.4)",pt_3.8167_103.3333,"Kuantan, Malaysia","(103.3333, 3.8167)",1021.931131294553,2016.10,982,983
pt_36.1167_120.4-grid_33.5_128.5,pt_36.1167_120.4,"Qingdao, China","(120.4, 36.1167)",grid_33.5_128.5,grid_33.5_128.5,"(128.5, 33.5)",795.6409787782326,2016.10,984,976
pt_34.0_137.0-grid_29.6_127.5,pt_34.0_137.0,"Shima, Japan","(137.0, 34.0)",grid_29.6_127.5,grid_29.6_127.5,"(127.5, 29.6)",1022.7373739005668,2016.10,985,978
pt_31.631339_121.533777-grid_29.9_127.6,pt_31.631339_121.533777,"Chongming, China","(121.533777, 31.631339)",grid_29.9_127.6,grid_29.9_127.6,"(127.6, 29.9)",611.5490099169106,2016.10,986,977
pt_24.85_121.8167-grid_24.2_125.2,pt_24.85_121.8167,"Toucheng, Taiwan","(121.8167, 24.85)",grid_24.2_125.2,grid_24.2_125.2,"(125.2, 24.2)",350.312710070335,2016.10,987,979
pt_22.0_114.0-grid_18.7_116.9,pt_22.0_114.0,"Cape D'Aguilar, China","(114.0, 22.0)",grid_18.7_116.9,grid_18.7_116.9,"(116.9, 18.7)",474.4710281021926,2016.10,988,981
pt_17.0_120.0-grid_19.5_119.5,pt_17.0_120.0,"La Union, Philippines","(120.0, 17.0)",grid_19.5_119.5,grid_19.5_119.5,"(119.5, 19.5)",281.7144345591446,2016.10,989,980
pt_10.4042_107.1417-grid_9.4_110.7,pt_10.4042_107.1417,"Vung Tau, Vietnam","(107.1417, 10.4042)",grid_9.4_110.7,grid_9.4_110.7,"(110.7, 9.4)",405.73778593178156,2016.10,990,982
pt_7.2061_100.5967-pt_3.8167_103.3333,pt_7.2061_100.5967,"Songkhla, Thailand","(100.5967, 7.2061)",pt_3.8167_103.3333,"Kuantan, Malaysia","(103.3333, 3.8167)",482.0922458419921,2016.10,991,983
pt_1.3167_103.7169-pt_3.8167_103.3333,pt_1.3167_103.7169,"Tuas, Singapore","(103.7169, 1.3167)",pt_3.8167_103.3333,"Kuantan, Malaysia","(103.3333, 3.8167)",279.7133603328073,2016.10,992,983
pt_19.97094_-75.143458-pt_25.7833_-80.2167,pt_19.97094_-75.143458,"Guantanamo Bay, Cuba","(-75.143458, 19.97094)",pt_25.7833_-80.2167,"Miami, United States","(-80.2167, 25.7833)",827.61927868572,2016.11,993,994
pt_52.8_-8.45-pt_40.7969_-72.8711,pt_52.8_-8.45,"Killala, Ireland","(-8.45, 52.8)",pt_40.7969_-72.8711,"Shirley, United States","(-72.8711, 40.7969)",4917.407641655434,2016.1,995,996
pt_33.8664_-118.3997-pt_21.4706_-158.2142,pt_33.8664_-118.3997,"Hermosa Beach, United States","(-118.3997, 33.8664)",pt_21.4706_-158.2142,"Makaha, nan","(-158.2142, 21.4706)",4131.298229544169,2016.2,997,998
pt_13.4608_144.6908-pt_21.4706_-158.2142,pt_13.4608_144.6908,"Piti, nan","(144.6908, 13.4608)",pt_21.4706_-158.2142,"Makaha, nan","(-158.2142, 21.4706)",6097.986841020295,2016.2,999,998
pt_7.0667_125.6-grid_5.7_126.1,pt_7.0667_125.6,"Davao, Philippines","(125.6, 7.0667)",grid_5.7_126.1,grid_5.7_126.1,"(126.1, 5.7)",160.94509960382106,2016.2,1000,1001
grid_5.7_126.1-pt_1.4931_124.8413,grid_5.7_126.1,grid_5.7_126.1,"(126.1, 5.7)",pt_1.4931_124.8413,"Manado, Indonesia","(124.8413, 1.4931)",485.7511471045706,2016.2,1001,1002
pt_13.4608_144.6908-grid_5.7_126.1,pt_13.4608_144.6908,"Piti, nan","(144.6908, 13.4608)",grid_5.7_126.1,grid_5.7_126.1,"(126.1, 5.7)",2212.2329485193654,2016.2,999,1001
pt_5.4145_100.3292-pt_1.3167_103.7169,pt_5.4145_100.3292,"Penang, Malaysia","(100.3292, 5.4145)",pt_1.3167_103.7169,"Tuas, Singapore","(103.7169, 1.3167)",589.0631215489028,2016.3,1003,1004
pt_5.4145_100.3292-grid_11.5_86.7,pt_5.4145_100.3292,"Penang, Malaysia","(100.3292, 5.4145)",grid_11.5_86.7,grid_11.5_86.7,"(86.7, 11.5)",1644.0617523723647,2016.3,1003,1005
grid_11.5_86.7-pt_13.0825_80.275,grid_11.5_86.7,grid_11.5_86.7,"(86.7, 11.5)",pt_13.0825_80.275,"Chennai, India","(80.275, 13.0825)",720.4893864559086,2016.3,1005,1006
pt_25.0_56.0-grid_24.4_57.9,pt_25.0_56.0,"Fujairah, United Arab Emirates","(56.0, 25.0)",grid_24.4_57.9,grid_24.4_57.9,"(57.9, 24.4)",203.42816907321034,2016.3,1007,1008
grid_24.4_57.9-grid_16.2_67.7,grid_24.4_57.9,grid_24.4_57.9,"(57.9, 24.4)",grid_16.2_67.7,grid_16.2_67.7,"(67.7, 16.2)",1367.1250434844267,2016.3,1008,1009
grid_16.2_67.7-grid_4.3_77.2,grid_16.2_67.7,grid_16.2_67.7,"(67.7, 16.2)",grid_4.3_77.2,grid_4.3_77.2,"(77.2, 4.3)",1676.7518848477464,2016.3,1009,1010
grid_4.3_77.2-grid_11.5_86.7,grid_4.3_77.2,grid_4.3_77.2,"(77.2, 4.3)",grid_11.5_86.7,grid_11.5_86.7,"(86.7, 11.5)",1315.2611251224232,2016.3,1010,1005
pt_7.0_80.0-grid_4.3_77.2,pt_7.0_80.0,"Ratmalana, Sri Lanka","(80.0, 7.0)",grid_4.3_77.2,grid_4.3_77.2,"(77.2, 4.3)",430.52268033536495,2016.3,1011,1010
pt_23.7092_57.8869-grid_24.4_57.9,pt_23.7092_57.8869,"Barka, Oman","(57.8869, 23.7092)",grid_24.4_57.9,grid_24.4_57.9,"(57.9, 24.4)",76.52392915054429,2016.3,1012,1008
pt_19.0758_72.8775-grid_16.2_67.7,pt_19.0758_72.8775,"Mumbai, India","(72.8775, 19.0758)",grid_16.2_67.7,grid_16.2_67.7,"(67.7, 16.2)",634.8841139629316,2016.3,1013,1009
pt_25.1667_121.4333-grid_31.5_138.5,pt_25.1667_121.4333,"Tanshui, Taiwan","(121.4333, 25.1667)",grid_31.5_138.5,grid_31.5_138.5,"(138.5, 31.5)",1811.9800560869496,2016.5,1014,1015
grid_31.5_138.5-pt_43.0_-124.0,grid_31.5_138.5,grid_31.5_138.5,"(138.5, 31.5)",pt_43.0_-124.0,"Bandon, United States","(-124.0, 43.0)",8251.109169283616,2016.5,1015,1016
pt_34.0_137.0-grid_31.5_138.5,pt_34.0_137.0,"Shima, Japan","(137.0, 34.0)",grid_31.5_138.5,grid_31.5_138.5,"(138.5, 31.5)",310.8397157606972,2016.5,1017,1015
pt_60.1708_24.9375-pt_54.0833_12.1333,pt_60.1708_24.9375,"Helsinki, Finland","(24.9375, 60.1708)",pt_54.0833_12.1333,"Rostock, Germany","(12.1333, 54.0833)",1026.912093161526,2016.7,1018,1019
pt_-11.9208_43.4811-pt_-11.7036_43.2536,pt_-11.9208_43.4811,"Chindini, nan","(43.4811, -11.9208)",pt_-11.7036_43.2536,"Moroni, nan","(43.2536, -11.7036)",34.52462829733744,2016.9,1020,1021
pt_-12.1675_44.3939-pt_-12.7814_45.2317,pt_-12.1675_44.3939,"Mutsamudu, nan","(44.3939, -12.1675)",pt_-12.7814_45.2317,"Mamoudzou, nan","(45.2317, -12.7814)",113.60880535235493,2016.9,1022,1023
pt_-37.8_174.871-pt_-34.0_151.215822,pt_-37.8_174.871,"Raglan, New Zealand","(174.871, -37.8)",pt_-34.0_151.215822,"Oxford Flats, Australia","(151.215822, -34.0)",2170.590597794901,2017.10,1024,1025
pt_15.0_146.0-grid_14.1_145.1,pt_15.0_146.0,"Sugar Dock, nan","(146.0, 15.0)",grid_14.1_145.1,grid_14.1_145.1,"(145.1, 14.1)",139.01056307718508,2017.11,1026,1027
grid_14.1_145.1-pt_13.4608_144.6908,grid_14.1_145.1,grid_14.1_145.1,"(145.1, 14.1)",pt_13.4608_144.6908,"Piti, nan","(144.6908, 13.4608)",83.4217834188168,2017.11,1027,1028
pt_14.0_145.0-grid_14.1_145.1,pt_14.0_145.0,"Sasanlagu, nan","(145.0, 14.0)",grid_14.1_145.1,grid_14.1_145.1,"(145.1, 14.1)",15.462030394311506,2017.11,1029,1027
pt_31.0_30.0-grid_33.9_23.4,pt_31.0_30.0,"Abu Talat, Egypt","(30.0, 31.0)",grid_33.9_23.4,grid_33.9_23.4,"(23.4, 33.9)",698.7488384105064,2017.13,1030,1031
grid_33.9_23.4-grid_35.1_19.2,grid_33.9_23.4,grid_33.9_23.4,"(23.4, 33.9)",grid_35.1_19.2,grid_35.1_19.2,"(19.2, 35.1)",408.00959447111126,2017.13,1031,1032
grid_35.1_19.2-pt_43.2967_5.3764,grid_35.1_19.2,grid_35.1_19.2,"(19.2, 35.1)",pt_43.2967_5.3764,"Marseille, France","(5.3764, 43.2967)",1497.992547564399,2017.13,1032,1033
pt_29.0_33.0-pt_31.0_30.0,pt_29.0_33.0,"Zafarana, Egypt","(33.0, 29.0)",pt_31.0_30.0,"Abu Talat, Egypt","(30.0, 31.0)",364.57883145153835,2017.13,1034,1030
pt_29.0_33.0-grid_29.0_35.0,pt_29.0_33.0,"Zafarana, Egypt","(33.0, 29.0)",grid_29.0_35.0,grid_29.0_35.0,"(35.0, 29.0)",194.87549076710846,2017.13,1034,1035
grid_29.0_35.0-grid_25.4_56.3,grid_29.0_35.0,grid_29.0_35.0,"(35.0, 29.0)",grid_25.4_56.3,grid_25.4_56.3,"(56.3, 25.4)",2144.610747556029,2017.13,1035,1036
grid_25.4_56.3-grid_19.0_70.0,grid_25.4_56.3,grid_25.4_56.3,"(56.3, 25.4)",grid_19.0_70.0,grid_19.0_70.0,"(70.0, 19.0)",1579.0802982903995,2017.13,1036,1037
grid_19.0_70.0-pt_19.0758_72.8775,grid_19.0_70.0,grid_19.0_70.0,"(70.0, 19.0)",pt_19.0758_72.8775,"Mumbai, India","(72.8775, 19.0758)",303.0218633313242,2017.13,1037,1038
pt_25.285633_51.526416-pt_25.0_56.0,pt_25.285633_51.526416,"Doha, Qatar","(51.526416, 25.285633)",pt_25.0_56.0,"Fujairah, United Arab Emirates","(56.0, 25.0)",452.1722192896403,2017.13,1039,1040
pt_7.0_99.72-pt_7.2061_100.5967,pt_7.0_99.72,"Satun, Thailand","(99.72, 7.0)",pt_7.2061_100.5967,"Songkhla, Thailand","(100.5967, 7.2061)",99.4956102823164,2017.13,1041,1042
pt_7.2061_100.5967-pt_22.0_114.0,pt_7.2061_100.5967,"Songkhla, Thailand","(100.5967, 7.2061)",pt_22.0_114.0,"Cape D'Aguilar, China","(114.0, 22.0)",2179.5988117901547,2017.13,1042,1043
pt_41.1253_16.8667-grid_35.1_19.2,pt_41.1253_16.8667,"Bari, Italy","(16.8667, 41.1253)",grid_35.1_19.2,grid_35.1_19.2,"(19.2, 35.1)",699.3245098683934,2017.13,1044,1032
pt_35.5167_24.0167-grid_33.9_23.4,pt_35.5167_24.0167,"Chania, Greece","(24.0167, 35.5167)",grid_33.9_23.4,grid_33.9_23.4,"(23.4, 33.9)",188.03564267868651,2017.13,1045,1031
pt_25.0_56.0-grid_25.4_56.3,pt_25.0_56.0,"Fujairah, United Arab Emirates","(56.0, 25.0)",grid_25.4_56.3,grid_25.4_56.3,"(56.3, 25.4)",53.64331582679145,2017.13,1040,1036
pt_21.5428_39.1728-grid_29.0_35.0,pt_21.5428_39.1728,"Jeddah, Saudi Arabia","(39.1728, 21.5428)",grid_29.0_35.0,grid_29.0_35.0,"(35.0, 29.0)",926.6413538604116,2017.13,1046,1035
pt_11.599721_43.146057-grid_29.0_35.0,pt_11.599721_43.146057,"Djibouti City, Djibouti","(43.146057, 11.599721)",grid_29.0_35.0,grid_29.0_35.0,"(35.0, 29.0)",2104.086186554313,2017.13,1047,1035
pt_12.8_45.0333-grid_29.0_35.0,pt_12.8_45.0333,"Aden, Yemen","(45.0333, 12.8)",grid_29.0_35.0,grid_29.0_35.0,"(35.0, 29.0)",2072.713673812126,2017.13,1048,1035
pt_7.0_99.72-grid_7.0_99.5,pt_7.0_99.72,"Satun, Thailand","(99.72, 7.0)",grid_7.0_99.5,grid_7.0_99.5,"(99.5, 7.0)",24.30894935890686,2017.13,1041,1049
grid_7.0_99.5-grid_9.8_91.0,grid_7.0_99.5,grid_7.0_99.5,"(99.5, 7.0)",grid_9.8_91.0,grid_9.8_91.0,"(91.0, 9.8)",985.9118633211083,2017.13,1049,1050
grid_9.8_91.0-grid_19.0_70.0,grid_9.8_91.0,grid_9.8_91.0,"(91.0, 9.8)",grid_19.0_70.0,grid_19.0_70.0,"(70.0, 19.0)",2479.602395911876,2017.13,1050,1037
pt_24.86_67.01-grid_25.4_56.3,pt_24.86_67.01,"Karachi, Pakistan","(67.01, 24.86)",grid_25.4_56.3,grid_25.4_56.3,"(56.3, 25.4)",1081.3997929172758,2017.13,1051,1036
pt_23.6139_58.5922-grid_25.4_56.3,pt_23.6139_58.5922,"Muscat, Oman","(58.5922, 23.6139)",grid_25.4_56.3,grid_25.4_56.3,"(56.3, 25.4)",305.1244603843548,2017.13,1052,1036
pt_16.8583_94.3917-grid_9.8_91.0,pt_16.8583_94.3917,"Ngwe Saung, Myanmar","(94.3917, 16.8583)",grid_9.8_91.0,grid_9.8_91.0,"(91.0, 9.8)",862.911380180399,2017.13,1053,1050
pt_1.0_103.0-grid_7.0_99.5,pt_1.0_103.0,"Pontian Kechi, Malaysia","(103.0, 1.0)",grid_7.0_99.5,grid_7.0_99.5,"(99.5, 7.0)",768.8565040386507,2017.13,1054,1049
pt_1.3167_103.7169-pt_7.0_99.72,pt_1.3167_103.7169,"Tuas, Singapore","(103.7169, 1.3167)",pt_7.0_99.72,"Satun, Thailand","(99.72, 7.0)",769.2439043904051,2017.13,1055,1041
pt_5.261396_115.163155-pt_5.0_115.0,pt_5.261396_115.163155,"Kiamsam , Malaysia","(115.163155, 5.261396)",pt_5.0_115.0,"Tungku, nan","(115.0, 5.0)",34.09993686912721,2017.14,1056,1057
pt_4.1293_103.387-grid_10.4_102.0,pt_4.1293_103.387,"Cherating, Malaysia","(103.387, 4.1293)",grid_10.4_102.0,grid_10.4_102.0,"(102.0, 10.4)",710.19239761692,2017.15,1058,1059
grid_10.4_102.0-pt_12.6742_101.2789,grid_10.4_102.0,grid_10.4_102.0,"(102.0, 10.4)",pt_12.6742_101.2789,"Rayong, Thailand","(101.2789, 12.6742)",263.5788469500929,2017.15,1059,1060
pt_11.0_104.0-grid_10.4_102.0,pt_11.0_104.0,"Sihanoukville, Cambodia","(104.0, 11.0)",grid_10.4_102.0,grid_10.4_102.0,"(102.0, 10.4)",228.6360599256504,2017.15,1061,1059
pt_43.125_5.9306-grid_35.4_15.0,pt_43.125_5.9306,"Toulon, France","(5.9306, 43.125)",grid_35.4_15.0,grid_35.4_15.0,"(15.0, 35.4)",1159.7026855506176,2017.16,1062,1063
grid_35.4_15.0-grid_33.0_26.8,grid_35.4_15.0,grid_35.4_15.0,"(15.0, 35.4)",grid_33.0_26.8,grid_33.0_26.8,"(26.8, 33.0)",1118.9124914998977,2017.16,1063,1064
grid_33.0_26.8-pt_31.0_30.0,grid_33.0_26.8,grid_33.0_26.8,"(26.8, 33.0)",pt_31.0_30.0,"Abu Talat, Egypt","(30.0, 31.0)",374.95229868248373,2017.16,1064,1065
pt_29.0_33.0-pt_31.0_30.0,pt_29.0_33.0,"Zafarana, Egypt","(33.0, 29.0)",pt_31.0_30.0,"Abu Talat, Egypt","(30.0, 31.0)",364.57883145153835,2017.16,1066,1065
pt_29.0_33.0-grid_23.1_37.1,pt_29.0_33.0,"Zafarana, Egypt","(33.0, 29.0)",grid_23.1_37.1,grid_23.1_37.1,"(37.1, 23.1)",771.5904957972131,2017.16,1066,1067
grid_23.1_37.1-grid_14.5_42.2,grid_23.1_37.1,grid_23.1_37.1,"(37.1, 23.1)",grid_14.5_42.2,grid_14.5_42.2,"(42.2, 14.5)",1092.9291311774223,2017.16,1067,1068
grid_14.5_42.2-grid_12.2_44.0,grid_14.5_42.2,grid_14.5_42.2,"(42.2, 14.5)",grid_12.2_44.0,grid_12.2_44.0,"(44.0, 12.2)",320.57074577166856,2017.16,1068,1069
grid_12.2_44.0-grid_10.1_60.3,grid_12.2_44.0,grid_12.2_44.0,"(44.0, 12.2)",grid_10.1_60.3,grid_10.1_60.3,"(60.3, 10.1)",1795.2354175818975,2017.16,1069,1070
grid_10.1_60.3-pt_5.95_80.5333,grid_10.1_60.3,grid_10.1_60.3,"(60.3, 10.1)",pt_5.95_80.5333,"Matara, Sri Lanka","(80.5333, 5.95)",2276.454584133329,2017.16,1070,1071
pt_5.95_80.5333-grid_3.4_84.3,pt_5.95_80.5333,"Matara, Sri Lanka","(80.5333, 5.95)",grid_3.4_84.3,grid_3.4_84.3,"(84.3, 3.4)",504.1264218116411,2017.16,1071,1072
grid_3.4_84.3-grid_-0.5_98.2,grid_3.4_84.3,grid_3.4_84.3,"(84.3, 3.4)",grid_-0.5_98.2,grid_-0.5_98.2,"(98.2, -0.5)",1605.5480613928555,2017.16,1072,1073
grid_-0.5_98.2-grid_0.4_102.1,grid_-0.5_98.2,grid_-0.5_98.2,"(98.2, -0.5)",grid_0.4_102.1,grid_0.4_102.1,"(102.1, 0.4)",445.4013654516088,2017.16,1073,1074
grid_0.4_102.1-pt_1.3167_103.7169,grid_0.4_102.1,grid_0.4_102.1,"(102.1, 0.4)",pt_1.3167_103.7169,"Tuas, Singapore","(103.7169, 1.3167)",206.5526153141397,2017.16,1074,1075
pt_37.5027_15.0873-grid_35.4_15.0,pt_37.5027_15.0873,"Catania, Italy","(15.0873, 37.5027)",grid_35.4_15.0,grid_35.4_15.0,"(15.0, 35.4)",233.46238274166788,2017.16,1076,1063
pt_36.8564_28.2711-grid_33.0_26.8,pt_36.8564_28.2711,"Marmaris, Turkey","(28.2711, 36.8564)",grid_33.0_26.8,grid_33.0_26.8,"(26.8, 33.0)",448.42496725811185,2017.16,1077,1064
pt_24.0445_38.4074-grid_23.1_37.1,pt_24.0445_38.4074,"Yanbu, Saudi Arabia","(38.4074, 24.0445)",grid_23.1_37.1,grid_23.1_37.1,"(37.1, 23.1)",169.57232035096902,2017.16,1078,1067
pt_14.8022_42.9511-grid_14.5_42.2,pt_14.8022_42.9511,"Al Hudaydah, Yemen","(42.9511, 14.8022)",grid_14.5_42.2,grid_14.5_42.2,"(42.2, 14.5)",87.54739361649752,2017.16,1079,1068
pt_11.565606_43.164675-grid_12.2_44.0,pt_11.565606_43.164675,"Haramous, Djibouti","(43.164675, 11.5656056)",grid_12.2_44.0,grid_12.2_44.0,"(44.0, 12.2)",114.92296147056982,2017.16,1080,1069
pt_25.0_56.0-grid_22.9_59.8,pt_25.0_56.0,"Fujairah, United Arab Emirates","(56.0, 25.0)",grid_22.9_59.8,grid_22.9_59.8,"(59.8, 22.9)",451.3111340425929,2017.16,1081,1082
grid_22.9_59.8-grid_19.9_62.3,grid_22.9_59.8,grid_22.9_59.8,"(59.8, 22.9)",grid_19.9_62.3,grid_19.9_62.3,"(62.3, 19.9)",421.31946572109234,2017.16,1082,1083
grid_19.9_62.3-grid_10.1_60.3,grid_19.9_62.3,grid_19.9_62.3,"(62.3, 19.9)",grid_10.1_60.3,grid_10.1_60.3,"(60.3, 10.1)",1105.446501591153,2017.16,1083,1070
pt_21.8167_90.1167-grid_18.2_89.3,pt_21.8167_90.1167,"Kuakata, Bangladesh","(90.1167, 21.8167)",grid_18.2_89.3,grid_18.2_89.3,"(89.3, 18.2)",409.4005107719236,2017.16,1084,1085
grid_18.2_89.3-grid_3.4_84.3,grid_18.2_89.3,grid_18.2_89.3,"(89.3, 18.2)",grid_3.4_84.3,grid_3.4_84.3,"(84.3, 3.4)",1725.5277670912394,2017.16,1085,1072
pt_3.5894_98.6739-grid_-0.5_98.2,pt_3.5894_98.6739,"Medan, Indonesia","(98.6739, 3.5894)",grid_-0.5_98.2,grid_-0.5_98.2,"(98.2, -0.5)",455.25105081483275,2017.16,1086,1073
pt_2.329374_102.288096-pt_1.3167_103.7169,pt_2.329374_102.288096,"Melaka, Malaysia","(102.2880962, 2.3293744)",pt_1.3167_103.7169,"Tuas, Singapore","(103.7169, 1.3167)",194.45005045030314,2017.16,1087,1075
pt_1.663197_101.447037-grid_0.4_102.1,pt_1.663197_101.447037,"Dumai, Indonesia","(101.4470369, 1.6631967)",grid_0.4_102.1,grid_0.4_102.1,"(102.1, 0.4)",157.4528047601761,2017.16,1088,1074
pt_22.7_59.3699-grid_22.9_59.8,pt_22.7_59.3699,"Qalhat, Oman","(59.3699, 22.7)",grid_22.9_59.8,grid_22.9_59.8,"(59.8, 22.9)",49.402571407880764,2017.16,1089,1082
pt_24.86_67.01-grid_19.9_62.3,pt_24.86_67.01,"Karachi, Pakistan","(67.01, 24.86)",grid_19.9_62.3,grid_19.9_62.3,"(62.3, 19.9)",732.6095832247206,2017.16,1090,1083
pt_16.8583_94.3917-grid_18.2_89.3,pt_16.8583_94.3917,"Ngwe Saung, Myanmar","(94.3917, 16.8583)",grid_18.2_89.3,grid_18.2_89.3,"(89.3, 18.2)",560.639896370946,2017.16,1091,1085
pt_3.7521_8.7737-grid_2.8_9.0,pt_3.7521_8.7737,"Malabo, nan","(8.7737, 3.7521)",grid_2.8_9.0,grid_2.8_9.0,"(9.0, 2.8)",108.24363239990194,2017.18,1093,1094
grid_2.8_9.0-pt_1.865_9.77,grid_2.8_9.0,grid_2.8_9.0,"(9.0, 2.8)",pt_1.865_9.77,"Bata, nan","(9.77, 1.865)",134.25425212027304,2017.18,1094,1095
pt_2.95_9.9167-grid_2.8_9.0,pt_2.95_9.9167,"Kribi, Cameroon","(9.9167, 2.95)",grid_2.8_9.0,grid_2.8_9.0,"(9.0, 2.8)",103.25981151577119,2017.18,1096,1094
pt_45.0_37.0-pt_45.423491_37.0,pt_45.0_37.0,"Osoviny, Ukraine","(37.0, 45.0)",pt_45.423491_37.0,"Ilyich, Russia","(37.0, 45.423491)",47.06505998336994,2017.20,1097,1098
pt_-23.9608_-46.3339-grid_-0.8_-36.9,pt_-23.9608_-46.3339,"Santos, Brazil","(-46.3339, -23.9608)",grid_-0.8_-36.9,grid_-0.8_-36.9,"(-36.9, -0.8)",2757.231753729613,2017.2,1099,1100
grid_-0.8_-36.9-pt_26.3686_-80.1,grid_-0.8_-36.9,grid_-0.8_-36.9,"(-36.9, -0.8)",pt_26.3686_-80.1,"Boca Raton , United States","(-80.1, 26.3686)",5522.866354208116,2017.2,1100,1101
pt_-3.7275_-38.5275-grid_-0.8_-36.9,pt_-3.7275_-38.5275,"Fortaleza, Brazil","(-38.5275, -3.7275)",grid_-0.8_-36.9,grid_-0.8_-36.9,"(-36.9, -0.8)",370.88396301771223,2017.2,1102,1100
pt_2.43_103.83-grid_1.4_104.0,pt_2.43_103.83,"Mersing, Malaysia","(103.83, 2.43)",grid_1.4_104.0,grid_1.4_104.0,"(104.0, 1.4)",115.4525677650112,2017.5,1103,1104
grid_1.4_104.0-pt_1.353925_103.974697,grid_1.4_104.0,grid_1.4_104.0,"(104.0, 1.4)",pt_1.353925_103.974697,"Changi South, Singapore","(103.974697, 1.353925)",5.821143568041906,2017.5,1104,1105
pt_1.13_104.0531-grid_1.4_104.0,pt_1.13_104.0531,"Batam, Indonesia","(104.0531, 1.13)",grid_1.4_104.0,grid_1.4_104.0,"(104.0, 1.4)",30.434466388282516,2017.5,1106,1104
pt_-24.0058_-46.4028-pt_40.71_-74.06,pt_-24.0058_-46.4028,"Praia Grande, Brazil","(-46.4028, -24.0058)",pt_40.71_-74.06,"New Jersey, United States","(-74.06, 40.71)",7715.182779576988,2017.6,1107,1108
pt_-34.9088_-54.9581-pt_-23.9608_-46.3339,pt_-34.9088_-54.9581,"Maldonaldo, Uruguay","(-54.9581, -34.9088)",pt_-23.9608_-46.3339,"Santos, Brazil","(-46.3339, -23.9608)",1472.5411286213425,2017.9,1109,1110
pt_5.1583_-52.6428-pt_14.6161_-61.1014,pt_5.1583_-52.6428,"Kourou, nan","(-52.6428, 5.1583)",pt_14.6161_-61.1014,"Schoelcher, nan","(-61.1014, 14.6161)",1397.445350333441,2018.10,1111,1112
pt_1.327255_103.946505-grid_-9.0_101.5,pt_1.327255_103.946505,"Tanah Merah, Singapore","(103.9465048, 1.3272553)",grid_-9.0_101.5,grid_-9.0_101.5,"(101.5, -9.0)",1173.8094072084662,2018.12,1113,1114
grid_-9.0_101.5-grid_-11.5_102.9,grid_-9.0_101.5,grid_-9.0_101.5,"(101.5, -9.0)",grid_-11.5_102.9,grid_-11.5_102.9,"(102.9, -11.5)",316.2051840445003,2018.12,1114,1115
grid_-11.5_102.9-pt_-31.934_115.764,grid_-11.5_102.9,grid_-11.5_102.9,"(102.9, -11.5)",pt_-31.934_115.764,"City Beach Perth, Australia","(115.764, -31.934)",2619.6854586728773,2018.12,1115,1116
pt_-10.4217_105.6781-grid_-11.5_102.9,pt_-10.4217_105.6781,"Flying Fish Cove, nan","(105.6781, -10.4217)",grid_-11.5_102.9,grid_-11.5_102.9,"(102.9, -11.5)",326.2321055597659,2018.12,1117,1115
pt_-6.0641_105.9207-grid_-9.0_101.5,pt_-6.0641_105.9207,"Anyer, Indonesia","(105.9207, -6.0641)",grid_-9.0_101.5,grid_-9.0_101.5,"(101.5, -9.0)",586.0092535561524,2018.12,1118,1114
pt_-8.8383_13.2344-pt_-3.7275_-38.5275,pt_-8.8383_13.2344,"Luanda, Angola","(13.2344, -8.8383)",pt_-3.7275_-38.5275,"Fortaleza, Brazil","(-38.5275, -3.7275)",5751.043567540296,2018.14,1119,1120
pt_-13.8483_-171.7417-grid_-14.0_-172.0,pt_-13.8483_-171.7417,"Fagali'i, nan","(-171.7417, -13.8483)",grid_-14.0_-172.0,grid_-14.0_-172.0,"(-172.0, -14.0)",32.571559575687935,2018.15,1121,1122
grid_-14.0_-172.0-pt_-18.0_178.0,grid_-14.0_-172.0,grid_-14.0_-172.0,"(-172.0, -14.0)",pt_-18.0_178.0,"Laucala Bay, nan","(178.0, -18.0)",1157.9131742587242,2018.15,1122,1123
pt_-13.6669_-172.177-grid_-14.0_-172.0,pt_-13.6669_-172.177,"Tuasivi, nan","(-172.177, -13.6669)",grid_-14.0_-172.0,grid_-14.0_-172.0,"(-172.0, -14.0)",41.52530066696847,2018.15,1124,1122
pt_24.85_121.8167-grid_26.9_127.8,pt_24.85_121.8167,"Toucheng, Taiwan","(121.8167, 24.85)",grid_26.9_127.8,grid_26.9_127.8,"(127.8, 26.9)",641.1336425020745,2018.16,1125,1126
grid_26.9_127.8-grid_30.1_135.3,grid_26.9_127.8,grid_26.9_127.8,"(127.8, 26.9)",grid_30.1_135.3,grid_30.1_135.3,"(135.3, 30.1)",815.1714203354531,2018.16,1126,1127
grid_30.1_135.3-pt_45.2053_-123.9606,grid_30.1_135.3,grid_30.1_135.3,"(135.3, 30.1)",pt_45.2053_-123.9606,"Pacific City, United States","(-123.9606, 45.2053)",8466.481573494882,2018.16,1127,1128
pt_33.8392_132.7656-grid_30.1_135.3,pt_33.8392_132.7656,"Maruyama, Japan","(132.7656, 33.8392)",grid_30.1_135.3,grid_30.1_135.3,"(135.3, 30.1)",478.8095268203201,2018.16,1129,1127
pt_31.631339_121.533777-grid_31.2_122.5,pt_31.631339_121.533777,"Chongming, China","(121.533777, 31.631339)",grid_31.2_122.5,grid_31.2_122.5,"(122.5, 31.2)",103.57740739431776,2018.16,1130,1131
grid_31.2_122.5-grid_28.9_127.0,grid_31.2_122.5,grid_31.2_122.5,"(122.5, 31.2)",grid_28.9_127.0,grid_28.9_127.0,"(127.0, 28.9)",503.25079067014417,2018.16,1131,1132
grid_28.9_127.0-grid_26.9_127.8,grid_28.9_127.0,grid_28.9_127.0,"(127.0, 28.9)",grid_26.9_127.8,grid_26.9_127.8,"(127.8, 26.9)",235.21204435677174,2018.16,1132,1126
pt_35.0_129.04747-grid_28.9_127.0,pt_35.0_129.04747,"Pusan, South Korea","(129.04747, 35.0)",grid_28.9_127.0,grid_28.9_127.0,"(127.0, 28.9)",703.5059453533514,2018.16,1133,1132
pt_31.0_122.0-grid_31.2_122.5,pt_31.0_122.0,"Nanhui, China","(122.0, 31.0)",grid_31.2_122.5,grid_31.2_122.5,"(122.5, 31.2)",52.60409313786627,2018.16,1134,1131
pt_37.0_-76.0-grid_21.3_-62.7,pt_37.0_-76.0,"Virginia Beach, United States","(-76.0, 37.0)",grid_21.3_-62.7,grid_21.3_-62.7,"(-62.7, 21.3)",2163.520131258531,2018.1,1135,1136
grid_21.3_-62.7-grid_-0.8_-36.9,grid_21.3_-62.7,grid_21.3_-62.7,"(-62.7, 21.3)",grid_-0.8_-36.9,grid_-0.8_-36.9,"(-36.9, -0.8)",3721.907120822213,2018.1,1136,1137
grid_-0.8_-36.9-pt_-22.9111_-43.2056,grid_-0.8_-36.9,grid_-0.8_-36.9,"(-36.9, -0.8)",pt_-22.9111_-43.2056,"Rio de Janeiro, Brazil","(-43.2056, -22.9111)",2539.578726922454,2018.1,1137,1138
pt_-3.7275_-38.5275-grid_-0.8_-36.9,pt_-3.7275_-38.5275,"Fortaleza, Brazil","(-38.5275, -3.7275)",grid_-0.8_-36.9,grid_-0.8_-36.9,"(-36.9, -0.8)",370.88396301771223,2018.1,1139,1137
pt_18.4653_-66.1167-grid_21.3_-62.7,pt_18.4653_-66.1167,"San Juan, Puerto Rico","(-66.1167, 18.4653)",grid_21.3_-62.7,grid_21.3_-62.7,"(-62.7, 21.3)",475.88369729739077,2018.1,1140,1136
pt_-33.869844_151.208285-pt_-36.1264_174.5747,pt_-33.869844_151.208285,"Sydney, Australia","(151.2082848, -33.8698439)",pt_-36.1264_174.5747,"Mangawhai, New Zealand","(174.5747, -36.1264)",2142.5451138460185,2018.2,1141,1142
pt_21.3347_-158.0808-pt_45.5228_-122.9897,pt_21.3347_-158.0808,"Kapolei, nan","(-158.0808, 21.3347)",pt_45.5228_-122.9897,"Hillsboro, United States","(-122.9897, 45.5228)",4168.244289787378,2018.2,1143,1144
pt_37.0_-76.0-pt_43.2622_-2.9533,pt_37.0_-76.0,"Virginia Beach, United States","(-76.0, 37.0)",pt_43.2622_-2.9533,"Bilbao, Spain","(-2.9533, 43.2622)",6064.5300767996305,2018.3,1145,1146
pt_2.95_9.9167-pt_-3.7275_-38.5275,pt_2.95_9.9167,"Kribi, Cameroon","(9.9167, 2.95)",pt_-3.7275_-38.5275,"Fortaleza, Brazil","(-38.5275, -3.7275)",5439.924705900467,2018.5,1147,1148
pt_-24.0058_-46.4028-pt_-36.4833_-56.7,pt_-24.0058_-46.4028,"Praia Grande, Brazil","(-46.4028, -24.0058)",pt_-36.4833_-56.7,"Las Toninas, Argentina","(-56.7, -36.4833)",1699.1419375722223,2018.7,1149,1150
pt_17.0197_54.0897-grid_13.2_48.3,pt_17.0197_54.0897,"Salalah, Oman","(54.0897, 17.0197)",grid_13.2_48.3,grid_13.2_48.3,"(48.3, 13.2)",752.180913332745,2018.9,1151,1152
grid_13.2_48.3-pt_10.4333_45.0,grid_13.2_48.3,grid_13.2_48.3,"(48.3, 13.2)",pt_10.4333_45.0,"Berbera, Somalia","(45.0, 10.4333)",472.19321621693376,2018.9,1152,1153
pt_11.2833_49.1833-grid_13.2_48.3,pt_11.2833_49.1833,"Bossaso, Somalia","(49.1833, 11.2833)",grid_13.2_48.3,grid_13.2_48.3,"(48.3, 13.2)",232.7957388707631,2018.9,1154,1152
pt_54.9778_-1.6133-pt_55.4708_8.4514,pt_54.9778_-1.6133,"Newcastle on Tyne, Great Britain","(-1.6133, 54.9778)",pt_55.4708_8.4514,"Esbjerg, Denmark","(8.4514, 55.4708)",642.2627984287575,2019.13,1155,1156
pt_51.0_1.0-pt_51.3308_3.2075,pt_51.0_1.0,"Pegwell Bay, Great Britain","(1.0, 51.0)",pt_51.3308_3.2075,"Zeebrugge, Belgium","(3.2075, 51.3308)",158.7280734161661,2019.14,1157,1158
pt_41.3133_19.4458-pt_41.1253_16.8667,pt_41.3133_19.4458,"Durres, Albania","(19.4458, 41.3133)",pt_41.1253_16.8667,"Bari, Italy","(16.8667, 41.1253)",217.2695193127978,2019.19,1159,1160
pt_42.8864_-78.8781-pt_43.6703_-79.3867,pt_42.8864_-78.8781,"Buffalo, United States","(-78.8781, 42.8864)",pt_43.6703_-79.3867,"Toronto, Canada","(-79.3867, 43.6703)",96.37899791096164,2019.1,1161,1162
pt_60.1708_24.9375-pt_60.4667_26.9458,pt_60.1708_24.9375,"Helsinki, Finland","(24.9375, 60.1708)",pt_60.4667_26.9458,"Kotka, Finland","(26.9458, 60.4667)",115.77133345308886,2019.2,1163,1164
pt_59.8236_22.9681-pt_60.1708_24.9375,pt_59.8236_22.9681,"Hanko, Finland","(22.9681, 59.8236)",pt_60.1708_24.9375,"Helsinki, Finland","(24.9375, 60.1708)",116.50522891632627,2019.2,1165,1163
pt_59.8236_22.9681-pt_59.3294_18.0686,pt_59.8236_22.9681,"Hanko, Finland","(22.9681, 59.8236)",pt_59.3294_18.0686,"Stockholm, Sweden","(18.0686, 59.3294)",282.22981037512926,2019.2,1165,1166
pt_18.4653_-66.1167-pt_19.97094_-75.143458,pt_18.4653_-66.1167,"San Juan, Puerto Rico","(-66.1167, 18.4653)",pt_19.97094_-75.143458,"Guantanamo Bay, Cuba","(-75.143458, 19.97094)",963.579686626773,2019.3,1167,1168
pt_1.3167_103.7169-grid_-10.5_102.5,pt_1.3167_103.7169,"Tuas, Singapore","(103.7169, 1.3167)",grid_-10.5_102.5,grid_-10.5_102.5,"(102.5, -10.5)",1313.686284085647,2019.6,1169,1170
grid_-10.5_102.5-pt_-31.9559_115.8606,grid_-10.5_102.5,grid_-10.5_102.5,"(102.5, -10.5)",pt_-31.9559_115.8606,"Perth, Australia","(115.8606, -31.9559)",2744.854188530133,2019.6,1170,1171
pt_-6.175405_106.827168-grid_-10.5_102.5,pt_-6.175405_106.827168,"Jakarta, Indonesia","(106.827168, -6.1754049)",grid_-10.5_102.5,grid_-10.5_102.5,"(102.5, -10.5)",675.1540704458096,2019.6,1172,1170
pt_-33.0461_-71.6197-pt_34.0522_-118.2437,pt_-33.0461_-71.6197,"Valparaiso, Chile","(-71.6197, -33.0461)",pt_34.0522_-118.2437,"Los Angeles, United States","(-118.2437, 34.0522)",8884.409568497811,2020.10,1173,1174
pt_54.3122_-130.3271-pt_55.3431_-131.6467,pt_54.3122_-130.3271,"Prince Rupert, Canada","(-130.3271, 54.3122)",pt_55.3431_-131.6467,"Ketchikan, United States","(-131.6467, 55.3431)",142.69109120914266,2020.11,1175,1176
pt_35.0432_139.84-pt_13.4608_144.6908,pt_35.0432_139.84,"Minami Boso, Japan","(139.84, 35.0432)",pt_13.4608_144.6908,"Piti, nan","(144.6908, 13.4608)",2439.9645374031006,2020.15,1177,1178
pt_13.4608_144.6908-grid_-26.5_156.5,pt_13.4608_144.6908,"Piti, nan","(144.6908, 13.4608)",grid_-26.5_156.5,grid_-26.5_156.5,"(156.5, -26.5)",4601.987505427212,2020.15,1178,1179
grid_-26.5_156.5-pt_-33.869844_151.208285,grid_-26.5_156.5,grid_-26.5_156.5,"(156.5, -26.5)",pt_-33.869844_151.208285,"Sydney, Australia","(151.2082848, -33.8698439)",962.5130493563444,2020.15,1179,1180
pt_-26.65_153.1-grid_-26.5_156.5,pt_-26.65_153.1,"Maroochydore, Australia","(153.1, -26.65)",grid_-26.5_156.5,grid_-26.5_156.5,"(156.5, -26.5)",339.12336918626227,2020.15,1181,1179
pt_-19.056_-169.921-grid_-18.9_-169.9,pt_-19.056_-169.921,"Alofi, nan","(-169.921, -19.056)",grid_-18.9_-169.9,grid_-18.9_-169.9,"(-169.9, -18.9)",17.40894936090921,2020.17,1182,1183
grid_-18.9_-169.9-pt_-13.8333_-171.8333,grid_-18.9_-169.9,grid_-18.9_-169.9,"(-169.9, -18.9)",pt_-13.8333_-171.8333,"Apia, nan","(-171.8333, -13.8333)",597.5012545527512,2020.17,1183,1184
pt_-17.0_-151.0-grid_-17.1_-151.4,pt_-17.0_-151.0,"To'ahotu, nan","(-151.0, -17.0)",grid_-17.1_-151.4,grid_-17.1_-151.4,"(-151.4, -17.1)",43.99761986359781,2020.17,1185,1186
grid_-17.1_-151.4-grid_-18.9_-159.6,grid_-17.1_-151.4,grid_-17.1_-151.4,"(-151.4, -17.1)",grid_-18.9_-159.6,grid_-18.9_-159.6,"(-159.6, -18.9)",890.8651560667877,2020.17,1186,1187
grid_-18.9_-159.6-grid_-18.9_-160.0,grid_-18.9_-159.6,grid_-18.9_-159.6,"(-159.6, -18.9)",grid_-18.9_-160.0,grid_-18.9_-160.0,"(-160.0, -18.9)",42.141889823143785,2020.17,1187,1188
grid_-18.9_-160.0-grid_-18.9_-169.9,grid_-18.9_-160.0,grid_-18.9_-160.0,"(-160.0, -18.9)",grid_-18.9_-169.9,grid_-18.9_-169.9,"(-169.9, -18.9)",1042.8754981565417,2020.17,1188,1183
pt_-19.0_-160.0-grid_-18.9_-160.0,pt_-19.0_-160.0,"Aitutaki, nan","(-160.0, -19.0)",grid_-18.9_-160.0,grid_-18.9_-160.0,"(-160.0, -18.9)",11.069147358034455,2020.17,1189,1188
pt_-21.2333_-159.7833-grid_-18.9_-159.6,pt_-21.2333_-159.7833,"Rarotonga, nan","(-159.7833, -21.2333)",grid_-18.9_-159.6,grid_-18.9_-159.6,"(-159.6, -18.9)",259.0190336121023,2020.17,1190,1187
pt_-16.5064_-151.749-grid_-17.1_-151.4,pt_-16.5064_-151.749,"Vaitape, nan","(-151.749, -16.5064)",grid_-17.1_-151.4,grid_-17.1_-151.4,"(-151.4, -17.1)",75.49452123969525,2020.17,1191,1186
pt_39.47_-0.3764-grid_37.7_0.1,pt_39.47_-0.3764,"Valencia, Spain","(-0.3764, 39.47)",grid_37.7_0.1,grid_37.7_0.1,"(0.1, 37.7)",200.81912660408918,2020.19,1192,1193
grid_37.7_0.1-pt_35.6969_-0.6331,grid_37.7_0.1,grid_37.7_0.1,"(0.1, 37.7)",pt_35.6969_-0.6331,"Oran , Algeria","(-0.6331, 35.6969)",231.73805201719549,2020.19,1193,1194
pt_36.7764_3.0586-grid_37.7_0.1,pt_36.7764_3.0586,"Algier, Algeria","(3.0586, 36.7764)",grid_37.7_0.1,grid_37.7_0.1,"(0.1, 37.7)",281.81052861166484,2020.19,1195,1193
pt_59.0_10.0-pt_57.59_9.96,pt_59.0_10.0,"Larvik, Norway","(10.0, 59.0)",pt_57.59_9.96,"Hirtshals, Denmark","(9.96, 57.59)",157.06727487397063,2020.21,1196,1197
pt_34.0_137.0-grid_32.1_139.5,pt_34.0_137.0,"Shima, Japan","(137.0, 34.0)",grid_32.1_139.5,grid_32.1_139.5,"(139.5, 32.1)",314.50261218062855,2020.3,1198,1199
grid_32.1_139.5-grid_44.4_-127.3,grid_32.1_139.5,grid_32.1_139.5,"(139.5, 32.1)",grid_44.4_-127.3,grid_44.4_-127.3,"(-127.3, 44.4)",7828.281116918467,2020.3,1199,1200
grid_44.4_-127.3-grid_37.5_-131.6,grid_44.4_-127.3,grid_44.4_-127.3,"(-127.3, 44.4)",grid_37.5_-131.6,grid_37.5_-131.6,"(-131.6, 37.5)",847.1742287848582,2020.3,1200,1201
grid_37.5_-131.6-pt_33.8664_-118.3997,grid_37.5_-131.6,grid_37.5_-131.6,"(-131.6, 37.5)",pt_33.8664_-118.3997,"Hermosa Beach, United States","(-118.3997, 33.8664)",1259.7692800699497,2020.3,1201,1202
pt_45.2058_-123.8919-grid_44.4_-127.3,pt_45.2058_-123.8919,"Cloverdale, United States","(-123.8919, 45.2058)",grid_44.4_-127.3,grid_44.4_-127.3,"(-127.3, 44.4)",284.09096752126,2020.3,1203,1200
pt_33.8392_132.7656-pt_34.0_137.0,pt_33.8392_132.7656,"Maruyama, Japan","(132.7656, 33.8392)",pt_34.0_137.0,"Shima, Japan","(137.0, 34.0)",391.94029409299793,2020.3,1204,1198
pt_14.1142_122.9564-grid_32.1_139.5,pt_14.1142_122.9564,"Daet, Philippines","(122.9564, 14.1142)",grid_32.1_139.5,grid_32.1_139.5,"(139.5, 32.1)",2607.752761778734,2020.3,1205,1199
pt_58.97_5.7314-pt_55.0826_-1.4778,pt_58.97_5.7314,"Stavanger, Norway","(5.7314, 58.97)",pt_55.0826_-1.4778,"Seaton Sluice, Great Britain","(-1.4778, 55.0826)",615.0648104038131,2020.4,1206,1207
pt_11.599721_43.146057-grid_12.1_44.6,pt_11.599721_43.146057,"Djibouti City, Djibouti","(43.146057, 11.599721)",grid_12.1_44.6,grid_12.1_44.6,"(44.6, 12.1)",167.81246431474602,2020.6,1208,1209
grid_12.1_44.6-grid_12.4_49.2,grid_12.1_44.6,grid_12.1_44.6,"(44.6, 12.1)",grid_12.4_49.2,grid_12.4_49.2,"(49.2, 12.4)",501.57825120751573,2020.6,1209,1210
grid_12.4_49.2-grid_-0.6_47.8,grid_12.4_49.2,grid_12.4_49.2,"(49.2, 12.4)",grid_-0.6_47.8,grid_-0.6_47.8,"(47.8, -0.6)",1445.97626700867,2020.6,1210,1211
grid_-0.6_47.8-pt_-4.05_39.6667,grid_-0.6_47.8,grid_-0.6_47.8,"(47.8, -0.6)",pt_-4.05_39.6667,"Mombasa, Kenya","(39.6667, -4.05)",981.6741423815694,2020.6,1211,1212
pt_11.2833_49.1833-grid_12.4_49.2,pt_11.2833_49.1833,"Bossaso, Somalia","(49.1833, 11.2833)",grid_12.4_49.2,grid_12.4_49.2,"(49.2, 12.4)",123.5439632859218,2020.6,1213,1210
pt_10.4333_45.0-grid_12.1_44.6,pt_10.4333_45.0,"Berbera, Somalia","(45.0, 10.4333)",grid_12.1_44.6,grid_12.1_44.6,"(44.6, 12.1)",189.4671621076572,2020.6,1214,1209
pt_2.0392_45.3419-grid_-0.6_47.8,pt_2.0392_45.3419,"Mogadishu, Somalia","(45.3419, 2.0392)",grid_-0.6_47.8,grid_-0.6_47.8,"(47.8, -0.6)",400.01856869371363,2020.6,1215,1211
pt_33.9191_-118.4155-grid_18.6_127.8,pt_33.9191_-118.4155,"El Segundo, United States","(-118.4155, 33.9191)",grid_18.6_127.8,grid_18.6_127.8,"(127.8, 18.6)",10914.245909803602,2020.7,1216,1217
grid_18.6_127.8-pt_15.7583_121.5625,grid_18.6_127.8,grid_18.6_127.8,"(127.8, 18.6)",pt_15.7583_121.5625,"Baler, Philippines","(121.5625, 15.7583)",734.2205862793734,2020.7,1217,1218
pt_24.85_121.8167-grid_18.6_127.8,pt_24.85_121.8167,"Toucheng, Taiwan","(121.8167, 24.85)",grid_18.6_127.8,grid_18.6_127.8,"(127.8, 18.6)",928.1816783412379,2020.7,1219,1217
pt_40.1673_-74.0961-grid_54.1_-13.1,pt_40.1673_-74.0961,"Wall Township, United States","(-74.0961, 40.1673)",grid_54.1_-13.1,grid_54.1_-13.1,"(-13.1, 54.1)",4714.416469102937,2020.8,1220,1221
grid_54.1_-13.1-pt_53.775_-9.6875,grid_54.1_-13.1,grid_54.1_-13.1,"(-13.1, 54.1)",pt_53.775_-9.6875,"Lecanvey, Ireland","(-9.6875, 53.775)",226.9896551509997,2020.8,1221,1222
pt_58.1467_7.9956-grid_57.9_7.5,pt_58.1467_7.9956,"Kristiansand, Norway","(7.9956, 58.1467)",grid_57.9_7.5,grid_57.9_7.5,"(7.5, 57.9)",40.15851689604852,2020.8,1223,1224
grid_57.9_7.5-grid_54.1_-13.1,grid_57.9_7.5,grid_57.9_7.5,"(7.5, 57.9)",grid_54.1_-13.1,grid_54.1_-13.1,"(-13.1, 54.1)",1346.9056367015255,2020.8,1224,1221
pt_55.7794_8.2894-grid_57.9_7.5,pt_55.7794_8.2894,"Blaabjerg, Denmark","(8.2894, 55.7794)",grid_57.9_7.5,grid_57.9_7.5,"(7.5, 57.9)",241.0039345708073,2020.8,1225,1224
pt_-33.869844_151.208285-grid_-15.5_149.7,pt_-33.869844_151.208285,"Sydney, Australia","(151.2082848, -33.8698439)",grid_-15.5_149.7,grid_-15.5_149.7,"(149.7, -15.5)",2040.5463363811236,2020.9,1226,1227
grid_-15.5_149.7-pt_-9.4789_147.1494,grid_-15.5_149.7,grid_-15.5_149.7,"(149.7, -15.5)",pt_-9.4789_147.1494,"Port Moresby, Papua New Guinea","(147.1494, -9.4789)",721.4394337616435,2020.9,1227,1228
pt_-8.7683_160.6969-pt_-9.431077_160.0,pt_-8.7683_160.6969,"Auki, nan","(160.6969, -8.7683)",pt_-9.431077_160.0,"Honiara, nan","(160.0, -9.431077)",106.0299887080219,2020.9,1229,1230
pt_-7.0_156.0-grid_-7.9_157.4,pt_-7.0_156.0,"Taro, nan","(156.0, -7.0)",grid_-7.9_157.4,grid_-7.9_157.4,"(157.4, -7.9)",183.81824720385538,2020.9,1231,1232
grid_-7.9_157.4-pt_-9.431077_160.0,grid_-7.9_157.4,grid_-7.9_157.4,"(157.4, -7.9)",pt_-9.431077_160.0,"Honiara, nan","(160.0, -9.431077)",332.4910138832016,2020.9,1232,1230
pt_-9.431077_160.0-grid_-15.5_149.7,pt_-9.431077_160.0,"Honiara, nan","(160.0, -9.431077)",grid_-15.5_149.7,grid_-15.5_149.7,"(149.7, -15.5)",1305.0176677219324,2020.9,1230,1227
pt_-8.2167_157.2167-grid_-7.9_157.4,pt_-8.2167_157.2167,"Noro, nan","(157.2167, -8.2167)",grid_-7.9_157.4,grid_-7.9_157.4,"(157.4, -7.9)",40.43556422449936,2020.9,1233,1232
pt_31.0_30.0-grid_31.7_29.5,pt_31.0_30.0,"Abu Talat, Egypt","(30.0, 31.0)",grid_31.7_29.5,grid_31.7_29.5,"(29.5, 31.7)",91.03431621780172,2021.12,1234,1235
grid_31.7_29.5-grid_35.7_14.4,grid_31.7_29.5,grid_31.7_29.5,"(29.5, 31.7)",grid_35.7_14.4,grid_35.7_14.4,"(14.4, 35.7)",1466.6903946697205,2021.12,1235,1236
grid_35.7_14.4-grid_37.9_10.0,grid_35.7_14.4,grid_35.7_14.4,"(14.4, 35.7)",grid_37.9_10.0,grid_37.9_10.0,"(10.0, 37.9)",462.2997808868809,2021.12,1236,1237
grid_37.9_10.0-pt_43.2967_5.3764,grid_37.9_10.0,grid_37.9_10.0,"(10.0, 37.9)",pt_43.2967_5.3764,"Marseille, France","(5.3764, 43.2967)",715.4747379222466,2021.12,1237,1238
pt_29.0_33.0-pt_31.0_30.0,pt_29.0_33.0,"Zafarana, Egypt","(33.0, 29.0)",pt_31.0_30.0,"Abu Talat, Egypt","(30.0, 31.0)",364.57883145153835,2021.12,1239,1234
pt_29.0_33.0-grid_21.0_38.5,pt_29.0_33.0,"Zafarana, Egypt","(33.0, 29.0)",grid_21.0_38.5,grid_21.0_38.5,"(38.5, 21.0)",1045.3433353374548,2021.12,1239,1240
grid_21.0_38.5-grid_12.3_44.4,grid_21.0_38.5,grid_21.0_38.5,"(38.5, 21.0)",grid_12.3_44.4,grid_12.3_44.4,"(44.4, 12.3)",1149.8578701820215,2021.12,1240,1241
grid_12.3_44.4-grid_13.0_51.6,grid_12.3_44.4,grid_12.3_44.4,"(44.4, 12.3)",grid_13.0_51.6,grid_13.0_51.6,"(51.6, 13.0)",785.9642729186762,2021.12,1241,1242
grid_13.0_51.6-grid_11.4_61.9,grid_13.0_51.6,grid_13.0_51.6,"(51.6, 13.0)",grid_11.4_61.9,grid_11.4_61.9,"(61.9, 11.4)",1134.6450186348886,2021.12,1242,1243
grid_11.4_61.9-grid_6.9_73.4,grid_11.4_61.9,grid_11.4_61.9,"(61.9, 11.4)",grid_6.9_73.4,grid_6.9_73.4,"(73.4, 6.9)",1358.0778540058457,2021.12,1243,1244
grid_6.9_73.4-pt_1.3167_103.7169,grid_6.9_73.4,grid_6.9_73.4,"(73.4, 6.9)",pt_1.3167_103.7169,"Tuas, Singapore","(103.7169, 1.3167)",3420.865916904773,2021.12,1244,1245
pt_34.7609_32.4484-grid_31.7_29.5,pt_34.7609_32.4484,"Yeroskipos, Cyprus","(32.4484, 34.7609)",grid_31.7_29.5,grid_31.7_29.5,"(29.5, 31.7)",436.7221361280272,2021.12,1246,1235
pt_35.95_14.3667-grid_35.7_14.4,pt_35.95_14.3667,"Mellieha, Malta","(14.3667, 35.95)",grid_35.7_14.4,grid_35.7_14.4,"(14.4, 35.7)",27.901671378673818,2021.12,1247,1236
pt_37.2744_9.8739-grid_37.9_10.0,pt_37.2744_9.8739,"Bizerte, Tunisia","(9.8739, 37.2744)",grid_37.9_10.0,grid_37.9_10.0,"(10.0, 37.9)",70.3220614763391,2021.12,1248,1237
pt_21.5428_39.1728-grid_21.0_38.5,pt_21.5428_39.1728,"Jeddah, Saudi Arabia","(39.1728, 21.5428)",grid_21.0_38.5,grid_21.0_38.5,"(38.5, 21.0)",92.12623833961442,2021.12,1249,1240
pt_10.4333_45.0-grid_12.3_44.4,pt_10.4333_45.0,"Berbera, Somalia","(45.0, 10.4333)",grid_12.3_44.4,grid_12.3_44.4,"(44.4, 12.3)",216.62533301570508,2021.12,1250,1241
pt_24.86_67.01-grid_21.7_64.5,pt_24.86_67.01,"Karachi, Pakistan","(67.01, 24.86)",grid_21.7_64.5,grid_21.7_64.5,"(64.5, 21.7)",434.0418693943252,2021.12,1251,1252
grid_21.7_64.5-grid_11.4_61.9,grid_21.7_64.5,grid_21.7_64.5,"(64.5, 21.7)",grid_11.4_61.9,grid_11.4_61.9,"(61.9, 11.4)",1173.0535038802464,2021.12,1252,1243
pt_-4.05_39.6667-grid_-0.2_48.2,pt_-4.05_39.6667,"Mombasa, Kenya","(39.6667, -4.05)",grid_-0.2_48.2,grid_-0.2_48.2,"(48.2, -0.2)",1040.2000517440806,2021.12,1253,1254
grid_-0.2_48.2-grid_13.0_51.6,grid_-0.2_48.2,grid_-0.2_48.2,"(48.2, -0.2)",grid_13.0_51.6,grid_13.0_51.6,"(51.6, 13.0)",1507.2915977353555,2021.12,1254,1242
pt_6.6226_73.07-grid_6.9_73.4,pt_6.6226_73.07,"Kulhudhufushi, nan","(73.07, 6.6226)",grid_6.9_73.4,grid_6.9_73.4,"(73.4, 6.9)",47.66571961255173,2021.12,1255,1244
pt_25.0513_56.3542-grid_21.7_64.5,pt_25.0513_56.3542,"Kalba, United Arab Emirates","(56.3542, 25.0513)",grid_21.7_64.5,grid_21.7_64.5,"(64.5, 21.7)",911.4922003871928,2021.12,1256,1252
pt_-4.6236_55.4544-grid_-0.2_48.2,pt_-4.6236_55.4544,"Victoria, nan","(55.4544, -4.6236)",grid_-0.2_48.2,grid_-0.2_48.2,"(48.2, -0.2)",943.3665266300359,2021.12,1257,1254
pt_-36.4833_-56.7-grid_-25.8_-45.5,pt_-36.4833_-56.7,"Las Toninas, Argentina","(-56.7, -36.4833)",grid_-25.8_-45.5,grid_-25.8_-45.5,"(-45.5, -25.8)",1592.4410726653675,2021.14,1258,1259
grid_-25.8_-45.5-pt_-24.0058_-46.4028,grid_-25.8_-45.5,grid_-25.8_-45.5,"(-45.5, -25.8)",pt_-24.0058_-46.4028,"Praia Grande, Brazil","(-46.4028, -24.0058)",218.67336248860508,2021.14,1259,1260
pt_-22.9111_-43.2056-grid_-25.8_-45.5,pt_-22.9111_-43.2056,"Rio de Janeiro, Brazil","(-43.2056, -22.9111)",grid_-25.8_-45.5,grid_-25.8_-45.5,"(-45.5, -25.8)",395.69253601023087,2021.14,1261,1259
pt_50.8208_-0.1375-pt_50.0_0.79669,pt_50.8208_-0.1375,"Brighton, Great Britain","(-0.1375, 50.8208)",pt_50.0_0.79669,"Veules de Roses, France","(0.79669, 50.0)",112.8960906331909,2021.15,1262,1263
pt_1.5575_110.3439-pt_1.13_104.0531,pt_1.5575_110.3439,"Kuching, Malaysia","(110.3439, 1.5575)",pt_1.13_104.0531,"Batam, Indonesia","(104.0531, 1.13)",701.689605153125,2021.16,1264,1265
pt_52.8372_4.6967-pt_52.714_1.682,pt_52.8372_4.6967,"Callantsoog, Netherlands","(4.6967, 52.8372)",pt_52.714_1.682,"Winterton on Sea, Great Britain","(1.682, 52.714)",203.8927426991013,2021.17,1266,1267
pt_51.3589_1.4394-pt_51.2258_2.9194,pt_51.3589_1.4394,"Broadstairs, Great Britain","(1.4394, 51.3589)",pt_51.2258_2.9194,"Ostend, Belgium","(2.9194, 51.2258)",104.29302400949463,2021.17,1268,1269
pt_53.8167_-3.05-grid_53.7_-4.7,pt_53.8167_-3.05,"Blackpool, Great Britain","(-3.05, 53.8167)",grid_53.7_-4.7,grid_53.7_-4.7,"(-4.7, 53.7)",109.59553211202524,2021.22,1270,1271
grid_53.7_-4.7-pt_53.3497_-6.2603,grid_53.7_-4.7,grid_53.7_-4.7,"(-4.7, 53.7)",pt_53.3497_-6.2603,"Dublin , Ireland","(-6.2603, 53.3497)",110.57733222192437,2021.22,1271,1272
pt_54.086_-4.756-grid_53.7_-4.7,pt_54.086_-4.756,"Port Erin, nan","(-4.756, 54.086)",grid_53.7_-4.7,grid_53.7_-4.7,"(-4.7, 53.7)",43.120415329203624,2021.22,1273,1271
pt_54.0_-5.0-grid_53.7_-4.7,pt_54.0_-5.0,"Port Grenaugh, nan","(-5.0, 54.0)",grid_53.7_-4.7,grid_53.7_-4.7,"(-4.7, 53.7)",38.79086389279896,2021.22,1274,1271
pt_54.9778_-1.6133-pt_56.0_8.0,pt_54.9778_-1.6133,"Newcastle on Tyne, Great Britain","(-1.6133, 54.9778)",pt_56.0_8.0,"Houstrup, Denmark","(8.0, 56.0)",617.721916446739,2021.23,1275,1276
pt_58.1467_7.9956-pt_57.1197_8.6197,pt_58.1467_7.9956,"Kristiansand, Norway","(7.9956, 58.1467)",pt_57.1197_8.6197,"Hanstholm, Denmark","(8.6197, 57.1197)",120.29940036701764,2021.24,1277,1278
pt_6.8397_79.8758-pt_4.2167_73.5333,pt_6.8397_79.8758,"Mt Lavinia, Sri Lanka","(79.8758, 6.8397)",pt_4.2167_73.5333,"Hulhumale, nan","(73.5333, 4.2167)",760.2279233202321,2021.25,1279,1280
pt_33.5992_-7.62-grid_6.1_1.6,pt_33.5992_-7.62,"Casablanca, Morocco","(-7.62, 33.5992)",grid_6.1_1.6,grid_6.1_1.6,"(1.6, 6.1)",3190.2116497821835,2021.27,1281,1282
grid_6.1_1.6-grid_5.2_1.9,grid_6.1_1.6,grid_6.1_1.6,"(1.6, 6.1)",grid_5.2_1.9,grid_5.2_1.9,"(1.9, 5.2)",104.92881460048088,2021.27,1282,1283
grid_5.2_1.9-pt_0.3901_9.4544,grid_5.2_1.9,grid_5.2_1.9,"(1.9, 5.2)",pt_0.3901_9.4544,"Libreville, Gabon","(9.4544, 0.3901)",993.9794587058456,2021.27,1283,1284
pt_5.0_-4.0-grid_5.2_1.9,pt_5.0_-4.0,"Abidjan, Ivory Coast","(-4.0, 5.0)",grid_5.2_1.9,grid_5.2_1.9,"(1.9, 5.2)",654.5732492016801,2021.27,1285,1283
pt_6.1319_1.2228-grid_6.1_1.6,pt_6.1319_1.2228,"Lome, Togo","(1.2228, 6.1319)",grid_6.1_1.6,grid_6.1_1.6,"(1.6, 6.1)",41.90107151897113,2021.27,1286,1282
pt_6.3667_2.4167-grid_6.1_1.6,pt_6.3667_2.4167,"Cotonou, nan","(2.4167, 6.3667)",grid_6.1_1.6,grid_6.1_1.6,"(1.6, 6.1)",95.07118290325926,2021.27,1287,1282
pt_14.7319_-17.4572-pt_14.9177_-23.5092,pt_14.7319_-17.4572,"Dakar, Senegal","(-17.4572, 14.7319)",pt_14.9177_-23.5092,"Praia, nan","(-23.5092, 14.9177)",651.7266378642671,2021.29,1288,1289
pt_16.7686_96.245-pt_1.3167_103.7169,pt_16.7686_96.245,"Thanlyin, Myanmar","(96.245, 16.7686)",pt_1.3167_103.7169,"Tuas, Singapore","(103.7169, 1.3167)",1895.123130583167,2021.30,1290,1291
pt_0.3333_6.7333-pt_-1.0_6.0,pt_0.3333_6.7333,"Sao Tome, nan","(6.7333, 0.3333)",pt_-1.0_6.0,"Annobon, nan","(6.0, -1.0)",168.51789218617122,2021.32,1292,1293
pt_52.4586_4.6194-pt_52.48_1.75,pt_52.4586_4.6194,"Ijmuiden, Netherlands","(4.6194, 52.4586)",pt_52.48_1.75,"Lowestoft, Great Britain","(1.75, 52.48)",194.99904380341815,2021.35,1294,1295
pt_13.9333_-90.8167-grid_-3.3_-86.1,pt_13.9333_-90.8167,"Puerto San Jose, Guatemala","(-90.8167, 13.9333)",grid_-3.3_-86.1,grid_-3.3_-86.1,"(-86.1, -3.3)",1975.7411961361036,2021.36,1296,1297
grid_-3.3_-86.1-grid_-15.0_-82.2,grid_-3.3_-86.1,grid_-3.3_-86.1,"(-86.1, -3.3)",grid_-15.0_-82.2,grid_-15.0_-82.2,"(-82.2, -15.0)",1362.986000226878,2021.36,1297,1298
grid_-15.0_-82.2-grid_-22.2_-79.8,grid_-15.0_-82.2,grid_-15.0_-82.2,"(-82.2, -15.0)",grid_-22.2_-79.8,grid_-22.2_-79.8,"(-79.8, -22.2)",836.174102531542,2021.36,1298,1299
grid_-22.2_-79.8-pt_-33.0461_-71.6197,grid_-22.2_-79.8,grid_-22.2_-79.8,"(-79.8, -22.2)",pt_-33.0461_-71.6197,"Valparaiso, Chile","(-71.6197, -33.0461)",1446.6242122820604,2021.36,1299,1300
pt_-18.4778_-70.3181-grid_-22.2_-79.8,pt_-18.4778_-70.3181,"Arica, Chile","(-70.3181, -18.4778)",grid_-22.2_-79.8,grid_-22.2_-79.8,"(-79.8, -22.2)",1072.0894845937235,2021.36,1301,1299
pt_-12.238906_-76.784493-grid_-15.0_-82.2,pt_-12.238906_-76.784493,"Lurin, Peru","(-76.7844926, -12.2389059)",grid_-15.0_-82.2,grid_-15.0_-82.2,"(-82.2, -15.0)",660.7799985178785,2021.36,1302,1298
pt_-2.2083_-80.9681-grid_-3.3_-86.1,pt_-2.2083_-80.9681,"Salinas, Ecuador","(-80.9681, -2.2083)",grid_-3.3_-86.1,grid_-3.3_-86.1,"(-86.1, -3.3)",583.2453155728153,2021.36,1303,1297
pt_46.7211_-1.9456-pt_37.0_-76.0,pt_46.7211_-1.9456,"Saint-Hilaire-de-Riez, France","(-1.9456, 46.7211)",pt_37.0_-76.0,"Virginia Beach, United States","(-76.0, 37.0)",6013.363623414333,2021.3,1304,1305
pt_38.707751_-9.0-grid_6.5_3.4,pt_38.707751_-9.0,"Lisbon, Portugal","(-9.0, 38.7077507)",grid_6.5_3.4,grid_6.5_3.4,"(3.4, 6.5)",3779.4620044832536,2021.6,1306,1307
grid_6.5_3.4-pt_6.45_3.4,grid_6.5_3.4,grid_6.5_3.4,"(3.4, 6.5)",pt_6.45_3.4,"Lagos, Nigeria","(3.4, 6.45)",5.5294198788998505,2021.6,1307,1308
pt_6.1319_1.2228-grid_6.5_3.4,pt_6.1319_1.2228,"Lome, Togo","(1.2228, 6.1319)",grid_6.5_3.4,grid_6.5_3.4,"(3.4, 6.5)",244.31800692263263,2021.6,1309,1307
pt_-33.7333_18.4333-grid_-23.3_10.5,pt_-33.7333_18.4333,"Melkbosstrand, South Africa","(18.4333, -33.7333)",grid_-23.3_10.5,grid_-23.3_10.5,"(10.5, -23.3)",1391.682779998954,2021.6,1310,1311
grid_-23.3_10.5-grid_-12.2_6.8,grid_-23.3_10.5,grid_-23.3_10.5,"(10.5, -23.3)",grid_-12.2_6.8,grid_-12.2_6.8,"(6.8, -12.2)",1289.450556824606,2021.6,1311,1312
grid_-12.2_6.8-grid_6.5_3.4,grid_-12.2_6.8,grid_-12.2_6.8,"(6.8, -12.2)",grid_6.5_3.4,grid_6.5_3.4,"(3.4, 6.5)",2101.937019106754,2021.6,1312,1307
pt_-22.6667_14.5333-grid_-23.3_10.5,pt_-22.6667_14.5333,"Swakopmund, Namibia","(14.5333, -22.6667)",grid_-23.3_10.5,grid_-23.3_10.5,"(10.5, -23.3)",419.4436112101489,2021.6,1313,1311
pt_-16.0_-6.0-grid_-12.2_6.8,pt_-16.0_-6.0,"Saint Helena, nan","(-6.0, -16.0)",grid_-12.2_6.8,grid_-12.2_6.8,"(6.8, -12.2)",1444.3110907454375,2021.6,1314,1312
pt_-31.9559_115.8606-pt_23.6139_58.5922,pt_-31.9559_115.8606,"Perth, Australia","(115.8606, -31.9559)",pt_23.6139_58.5922,"Muscat, Oman","(58.5922, 23.6139)",8655.22691130902,2021.7,1315,1316
pt_-20.0_58.0-grid_-21.6_56.6,pt_-20.0_58.0,"Baie Tombeau, nan","(58.0, -20.0)",grid_-21.6_56.6,grid_-21.6_56.6,"(56.6, -21.6)",229.39294864799126,2021.8,1317,1318
grid_-21.6_56.6-grid_-27.5_48.8,grid_-21.6_56.6,grid_-21.6_56.6,"(56.6, -21.6)",grid_-27.5_48.8,grid_-27.5_48.8,"(48.8, -27.5)",1024.9549951253305,2021.8,1318,1319
grid_-27.5_48.8-pt_-29.8583_31.025,grid_-27.5_48.8,grid_-27.5_48.8,"(48.8, -27.5)",pt_-29.8583_31.025,"Durban, South Africa","(31.025, -29.8583)",1755.0205377118311,2021.8,1319,1320
pt_-25.0_47.0-grid_-27.5_48.8,pt_-25.0_47.0,"Fort Dauphin, Madagascar","(47.0, -25.0)",grid_-27.5_48.8,grid_-27.5_48.8,"(48.8, -27.5)",330.22239496922464,2021.8,1321,1319
pt_-20.9394_55.2872-grid_-21.6_56.6,pt_-20.9394_55.2872,"Le Port, nan","(55.2872, -20.9394)",grid_-21.6_56.6,grid_-21.6_56.6,"(56.6, -21.6)",154.63577720236285,2021.8,1322,1318
pt_38.0_-9.0-grid_31.4_-15.2,pt_38.0_-9.0,"Sines, Portugal","(-9.0, 38.0)",grid_31.4_-15.2,grid_31.4_-15.2,"(-15.2, 31.4)",926.1644700260181,2021.9,1323,1324
grid_31.4_-15.2-grid_28.7_-17.7,grid_31.4_-15.2,grid_31.4_-15.2,"(-15.2, 31.4)",grid_28.7_-17.7,grid_28.7_-17.7,"(-17.7, 28.7)",384.2990393979868,2021.9,1324,1325
grid_28.7_-17.7-grid_16.4_-25.9,grid_28.7_-17.7,grid_28.7_-17.7,"(-17.7, 28.7)",grid_16.4_-25.9,grid_16.4_-25.9,"(-25.9, 16.4)",1600.7570417086813,2021.9,1325,1326
grid_16.4_-25.9-pt_-3.7275_-38.5275,grid_16.4_-25.9,grid_16.4_-25.9,"(-25.9, 16.4)",pt_-3.7275_-38.5275,"Fortaleza, Brazil","(-38.5275, -3.7275)",2624.236951127715,2021.9,1326,1327
pt_-3.7275_-38.5275-pt_-23.9608_-46.3339,pt_-3.7275_-38.5275,"Fortaleza, Brazil","(-38.5275, -3.7275)",pt_-23.9608_-46.3339,"Santos, Brazil","(-46.3339, -23.9608)",2390.7134989864285,2021.9,1327,1328
pt_32.65_-16.9167-grid_31.4_-15.2,pt_32.65_-16.9167,"Funchal, nan","(-16.9167, 32.65)",grid_31.4_-15.2,grid_31.4_-15.2,"(-15.2, 31.4)",213.32961852509257,2021.9,1329,1324
pt_28.2686_-16.6056-grid_28.7_-17.7,pt_28.2686_-16.6056,"Tenerife, nan","(-16.6056, 28.2686)",grid_28.7_-17.7,grid_28.7_-17.7,"(-17.7, 28.7)",117.34317142635508,2021.9,1330,1325
pt_14.9177_-23.5092-grid_16.4_-25.9,pt_14.9177_-23.5092,"Praia, nan","(-23.5092, 14.9177)",grid_16.4_-25.9,grid_16.4_-25.9,"(-25.9, 16.4)",304.30666887164085,2021.9,1331,1326
pt_53.2729_-9.0418-pt_64.0_-21.0,pt_53.2729_-9.0418,"Galway, Ireland","(-9.0418, 53.2729)",pt_64.0_-21.0,"Molvik, Iceland","(-21.0, 64.0)",1376.9458273854102,2022.11,1332,1333
pt_19.0758_72.8775-grid_14.8_81.6,pt_19.0758_72.8775,"Mumbai, India","(72.8775, 19.0758)",grid_14.8_81.6,grid_14.8_81.6,"(81.6, 14.8)",1042.3738541932635,2022.13,1334,1335
grid_14.8_81.6-grid_7.2_89.8,grid_14.8_81.6,grid_14.8_81.6,"(81.6, 14.8)",grid_7.2_89.8,grid_7.2_89.8,"(89.8, 7.2)",1228.2068963801853,2022.13,1335,1336
grid_7.2_89.8-grid_6.2_90.6,grid_7.2_89.8,grid_7.2_89.8,"(89.8, 7.2)",grid_6.2_90.6,grid_6.2_90.6,"(90.6, 6.2)",141.61026772098836,2022.13,1336,1337
grid_6.2_90.6-grid_0.4_102.1,grid_6.2_90.6,grid_6.2_90.6,"(90.6, 6.2)",grid_0.4_102.1,grid_0.4_102.1,"(102.1, 0.4)",1429.4656655195945,2022.13,1337,1338
grid_0.4_102.1-pt_1.3167_103.7169,grid_0.4_102.1,grid_0.4_102.1,"(102.1, 0.4)",pt_1.3167_103.7169,"Tuas, Singapore","(103.7169, 1.3167)",206.5526153141397,2022.13,1338,1339
pt_13.0825_80.275-grid_14.8_81.6,pt_13.0825_80.275,"Chennai, India","(80.275, 13.0825)",grid_14.8_81.6,grid_14.8_81.6,"(81.6, 14.8)",237.92322882109843,2022.13,1340,1335
pt_3.0_101.0-grid_0.4_102.1,pt_3.0_101.0,"Morib, Malaysia","(101.0, 3.0)",grid_0.4_102.1,grid_0.4_102.1,"(102.1, 0.4)",312.46235569534275,2022.13,1341,1338
pt_16.0_96.0-grid_7.2_89.8,pt_16.0_96.0,"Letkokkon, Myanmar","(96.0, 16.0)",grid_7.2_89.8,grid_7.2_89.8,"(89.8, 7.2)",1184.8308740556854,2022.13,1342,1336
pt_7.0_99.72-grid_6.2_90.6,pt_7.0_99.72,"Satun, Thailand","(99.72, 7.0)",grid_6.2_90.6,grid_6.2_90.6,"(90.6, 6.2)",1012.4006327603681,2022.13,1343,1337
pt_52.0_5.0-pt_52.48_1.75,pt_52.0_5.0,"Zandvoort, Netherlands","(5.0, 52.0)",pt_52.48_1.75,"Lowestoft, Great Britain","(1.75, 52.48)",228.32042567075965,2022.19,1344,1345
pt_50.824_-4.542-grid_48.8_-10.1,pt_50.824_-4.542,"Bude, Great Britain","(-4.542, 50.824)",grid_48.8_-10.1,grid_48.8_-10.1,"(-10.1, 48.8)",458.8556650108161,2022.1,1346,1347
grid_48.8_-10.1-pt_41.0_-74.0,grid_48.8_-10.1,grid_48.8_-10.1,"(-10.1, 48.8)",pt_41.0_-74.0,"New York, United States","(-74.0, 41.0)",4969.811129171668,2022.1,1347,1348
pt_43.2622_-2.9533-grid_48.8_-10.1,pt_43.2622_-2.9533,"Bilbao, Spain","(-2.9533, 43.2622)",grid_48.8_-10.1,grid_48.8_-10.1,"(-10.1, 48.8)",826.9271593557437,2022.1,1349,1347
pt_-34.0_151.0-grid_-29.3_165.5,pt_-34.0_151.0,"Alexandria, Australia","(151.0, -34.0)",grid_-29.3_165.5,grid_-29.3_165.5,"(165.5, -29.3)",1469.032007885438,2022.4,1350,1351
grid_-29.3_165.5-grid_-19.5_179.9,grid_-29.3_165.5,grid_-29.3_165.5,"(165.5, -29.3)",grid_-19.5_179.9,grid_-19.5_179.9,"(179.9, -19.5)",1817.0040066439408,2022.4,1351,1352
grid_-19.5_179.9-grid_-19.4_179.75,grid_-19.5_179.9,grid_-19.5_179.9,"(179.9, -19.5)",grid_-19.4_179.75,grid_-19.4_179.75,"(179.75, -19.4)",19.251723960593914,2022.4,1352,1353
grid_-19.4_179.75-grid_-18.3_-178.9,grid_-19.4_179.75,grid_-19.4_179.75,"(179.75, -19.4)",grid_-18.3_-178.9,grid_-18.3_-178.9,"(-178.9, -18.3)",187.25775624847697,2022.4,1353,1354
grid_-18.3_-178.9-grid_-17.2_-177.8,grid_-18.3_-178.9,grid_-18.3_-178.9,"(-178.9, -18.3)",grid_-17.2_-177.8,grid_-17.2_-177.8,"(-177.8, -17.2)",168.61363467875464,2022.4,1354,1355
grid_-17.2_-177.8-grid_-12.4_-173.0,grid_-17.2_-177.8,grid_-17.2_-177.8,"(-177.8, -17.2)",grid_-12.4_-173.0,grid_-12.4_-173.0,"(-173.0, -12.4)",740.8610462712934,2022.4,1355,1356
grid_-12.4_-173.0-grid_-10.3_-170.9,grid_-12.4_-173.0,grid_-12.4_-173.0,"(-173.0, -12.4)",grid_-10.3_-170.9,grid_-10.3_-170.9,"(-170.9, -10.3)",326.3445620295386,2022.4,1356,1357
grid_-10.3_-170.9-grid_2.5_-158.1,grid_-10.3_-170.9,grid_-10.3_-170.9,"(-170.9, -10.3)",grid_2.5_-158.1,grid_2.5_-158.1,"(-158.1, 2.5)",2004.0029620774037,2022.4,1357,1358
grid_2.5_-158.1-pt_33.8664_-118.3997,grid_2.5_-158.1,grid_2.5_-158.1,"(-158.1, 2.5)",pt_33.8664_-118.3997,"Hermosa Beach, United States","(-118.3997, 33.8664)",5388.239647094263,2022.4,1358,1359
pt_-36.787_174.772-grid_-29.3_165.5,pt_-36.787_174.772,"Takapuna, New Zealand","(174.772, -36.787)",grid_-29.3_165.5,grid_-29.3_165.5,"(165.5, -29.3)",1198.6046126486187,2022.4,1360,1351
pt_-18.1333_178.4333-grid_-19.5_179.9,pt_-18.1333_178.4333,"Suva, nan","(178.4333, -18.1333)",grid_-19.5_179.9,grid_-19.5_179.9,"(179.9, -19.5)",216.29877967423965,2022.4,1361,1352
pt_-16.7467_179.3583-grid_-17.2_-177.8,pt_-16.7467_179.3583,"Suavusavu, nan","(179.3583, -16.7467)",grid_-17.2_-177.8,grid_-17.2_-177.8,"(-177.8, -17.2)",306.76952738564046,2022.4,1362,1355
grid_-17.2_-177.8-grid_-17.5_-178.1,grid_-17.2_-177.8,grid_-17.2_-177.8,"(-177.8, -17.2)",grid_-17.5_-178.1,grid_-17.5_-178.1,"(-178.1, -17.5)",46.03338829811197,2022.4,1355,1363
grid_-17.5_-178.1-grid_-18.3_-178.9,grid_-17.5_-178.1,grid_-17.5_-178.1,"(-178.1, -17.5)",grid_-18.3_-178.9,grid_-18.3_-178.9,"(-178.9, -18.3)",122.58057897147414,2022.4,1363,1354
pt_-9.1683_-171.8097-grid_-10.3_-170.9,pt_-9.1683_-171.8097,"Nukunonu, nan","(-171.8097, -9.1683)",grid_-10.3_-170.9,grid_-10.3_-170.9,"(-170.9, -10.3)",160.09906906767554,2022.4,1364,1357
pt_-13.8333_-171.8333-grid_-12.4_-173.0,pt_-13.8333_-171.8333,"Apia, nan","(-171.8333, -13.8333)",grid_-12.4_-173.0,grid_-12.4_-173.0,"(-173.0, -12.4)",202.84871094966488,2022.4,1365,1356
pt_1.872_-157.384208-grid_2.5_-158.1,pt_1.872_-157.384208,"Kiritimati, nan","(-157.384208, 1.872)",grid_2.5_-158.1,grid_2.5_-158.1,"(-158.1, 2.5)",105.65066626627961,2022.4,1366,1358
pt_34.95_139.95-grid_33.5_139.5,pt_34.95_139.95,"Chikura, Japan","(139.95, 34.95)",grid_33.5_139.5,grid_33.5_139.5,"(139.5, 33.5)",166.10109634298917,2022.5,1369,1370
grid_33.5_139.5-grid_26.9_131.5,grid_33.5_139.5,grid_33.5_139.5,"(139.5, 33.5)",grid_26.9_131.5,grid_26.9_131.5,"(131.5, 26.9)",1061.6812142098715,2022.5,1370,1371
grid_26.9_131.5-grid_25.9_130.0,grid_26.9_131.5,grid_26.9_131.5,"(131.5, 26.9)",grid_25.9_130.0,grid_25.9_130.0,"(130.0, 25.9)",186.2082737083004,2022.5,1371,1372
grid_25.9_130.0-grid_22.6_125.8,grid_25.9_130.0,grid_25.9_130.0,"(130.0, 25.9)",grid_22.6_125.8,grid_22.6_125.8,"(125.8, 22.6)",561.6337436392562,2022.5,1372,1373
grid_22.6_125.8-grid_19.8_120.7,grid_22.6_125.8,grid_22.6_125.8,"(125.8, 22.6)",grid_19.8_120.7,grid_19.8_120.7,"(120.7, 19.8)",613.5279680232572,2022.5,1373,1374
grid_19.8_120.7-grid_18.9_117.2,grid_19.8_120.7,grid_19.8_120.7,"(120.7, 19.8)",grid_18.9_117.2,grid_18.9_117.2,"(117.2, 18.9)",380.98977949072747,2022.5,1374,1375
grid_18.9_117.2-grid_12.3_112.8,grid_18.9_117.2,grid_18.9_117.2,"(117.2, 18.9)",grid_12.3_112.8,grid_12.3_112.8,"(112.8, 12.3)",869.3303272532288,2022.5,1375,1376
grid_12.3_112.8-grid_4.7_107.3,grid_12.3_112.8,grid_12.3_112.8,"(112.8, 12.3)",grid_4.7_107.3,grid_4.7_107.3,"(107.3, 4.7)",1035.7065992933603,2022.5,1376,1377
grid_4.7_107.3-pt_1.353925_103.974697,grid_4.7_107.3,grid_4.7_107.3,"(107.3, 4.7)",pt_1.353925_103.974697,"Changi South, Singapore","(103.974697, 1.353925)",522.9808282859026,2022.5,1377,1378
pt_34.0_137.0-grid_33.5_139.5,pt_34.0_137.0,"Shima, Japan","(137.0, 34.0)",grid_33.5_139.5,grid_33.5_139.5,"(139.5, 33.5)",238.17572798597587,2022.5,1379,1370
pt_35.0_129.04747-grid_26.9_131.5,pt_35.0_129.04747,"Pusan, South Korea","(129.04747, 35.0)",grid_26.9_131.5,grid_26.9_131.5,"(131.5, 26.9)",928.0129102353326,2022.5,1380,1371
pt_30.9_121.9333-grid_25.9_130.0,pt_30.9_121.9333,"Lingang, China","(121.9333, 30.9)",grid_25.9_130.0,grid_25.9_130.0,"(130.0, 25.9)",964.8750084106074,2022.5,1381,1372
pt_25.1667_121.4333-grid_22.6_125.8,pt_25.1667_121.4333,"Tanshui, Taiwan","(121.4333, 25.1667)",grid_22.6_125.8,grid_22.6_125.8,"(125.8, 22.6)",527.7513638024471,2022.5,1382,1373
pt_22.6333_120.35-grid_19.8_120.7,pt_22.6333_120.35,"Fangshan, Taiwan","(120.35, 22.6333)",grid_19.8_120.7,grid_19.8_120.7,"(120.7, 19.8)",315.7998979411563,2022.5,1383,1374
grid_22.218262_114.204761-grid_18.9_117.2,grid_22.218262_114.204761,grid_22.218262_114.204761,"(114.2047605, 22.2182618)",grid_18.9_117.2,grid_18.9_117.2,"(117.2, 18.9)",482.1452378055015,2022.5,1384,1375
pt_13.7696_109.2314-grid_12.3_112.8,pt_13.7696_109.2314,"Quy Nhon, Vietnam","(109.2314, 13.7696)",grid_12.3_112.8,grid_12.3_112.8,"(112.8, 12.3)",419.82836483350286,2022.5,1385,1376
pt_7.2061_100.5967-grid_4.7_107.3,pt_7.2061_100.5967,"Songkhla, Thailand","(100.5967, 7.2061)",grid_4.7_107.3,grid_4.7_107.3,"(107.3, 4.7)",792.203531345028,2022.5,1386,1377
pt_33.8392_132.7656-grid_19.5_117.7,pt_33.8392_132.7656,"Maruyama, Japan","(132.7656, 33.8392)",grid_19.5_117.7,grid_19.5_117.7,"(117.7, 19.5)",2179.457982703807,2022.6,1387,1388
grid_19.5_117.7-grid_18.9_117.2,grid_19.5_117.7,grid_19.5_117.7,"(117.7, 19.5)",grid_18.9_117.2,grid_18.9_117.2,"(117.2, 18.9)",84.71180349906544,2022.6,1388,1389
grid_18.9_117.2-grid_15.9_115.2,grid_18.9_117.2,grid_18.9_117.2,"(117.2, 18.9)",grid_15.9_115.2,grid_15.9_115.2,"(115.2, 15.9)",394.1916955658676,2022.6,1389,1390
grid_15.9_115.2-grid_12.3_112.8,grid_15.9_115.2,grid_15.9_115.2,"(115.2, 15.9)",grid_12.3_112.8,grid_12.3_112.8,"(112.8, 12.3)",475.17306767551133,2022.6,1390,1391
grid_12.3_112.8-grid_5.0_107.6,grid_12.3_112.8,grid_12.3_112.8,"(112.8, 12.3)",grid_5.0_107.6,grid_5.0_107.6,"(107.6, 5.0)",989.4172235593794,2022.6,1391,1392
grid_5.0_107.6-pt_1.3167_103.7169,grid_5.0_107.6,grid_5.0_107.6,"(107.6, 5.0)",pt_1.3167_103.7169,"Tuas, Singapore","(103.7169, 1.3167)",593.3899532719355,2022.6,1392,1393
pt_23.3735_116.6941-grid_19.5_117.7,pt_23.3735_116.6941,"Shantou, China","(116.6941, 23.3735)",grid_19.5_117.7,grid_19.5_117.7,"(117.7, 19.5)",441.3734667483585,2022.6,1394,1388
grid_22.218262_114.204761-grid_18.9_117.2,grid_22.218262_114.204761,grid_22.218262_114.204761,"(114.2047605, 22.2182618)",grid_18.9_117.2,grid_18.9_117.2,"(117.2, 18.9)",482.1452378055015,2022.6,1395,1389
pt_14.0_121.0-grid_15.9_115.2,pt_14.0_121.0,"Batangas, Philippines","(121.0, 14.0)",grid_15.9_115.2,grid_15.9_115.2,"(115.2, 15.9)",658.3541417266786,2022.6,1396,1390
pt_13.7696_109.2314-grid_12.3_112.8,pt_13.7696_109.2314,"Quy Nhon, Vietnam","(109.2314, 13.7696)",grid_12.3_112.8,grid_12.3_112.8,"(112.8, 12.3)",419.82836483350286,2022.6,1397,1391
pt_13.1744_100.9306-grid_5.0_107.6,pt_13.1744_100.9306,"Sriracha, Thailand","(100.9306, 13.1744)",grid_5.0_107.6,grid_5.0_107.6,"(107.6, 5.0)",1163.6101847457012,2022.6,1398,1392
pt_-18.1333_178.4333-grid_-21.4_167.6,pt_-18.1333_178.4333,"Suva, nan","(178.4333, -18.1333)",grid_-21.4_167.6,grid_-21.4_167.6,"(167.6, -21.4)",1191.1489102204644,2022.9,1399,1400
grid_-21.4_167.6-grid_-21.5_167.3,grid_-21.4_167.6,grid_-21.4_167.6,"(167.6, -21.4)",grid_-21.5_167.3,grid_-21.5_167.3,"(167.3, -21.5)",33.00906217955073,2022.9,1400,1401
grid_-21.5_167.3-grid_-22.2_166.5,grid_-21.5_167.3,grid_-21.5_167.3,"(167.3, -21.5)",grid_-22.2_166.5,grid_-22.2_166.5,"(166.5, -22.2)",113.34154490573873,2022.9,1401,1402
grid_-22.2_166.5-pt_-22.2667_166.45,grid_-22.2_166.5,grid_-22.2_166.5,"(166.5, -22.2)",pt_-22.2667_166.45,"Noumea, nan","(166.45, -22.2667)",9.006769514250996,2022.9,1402,1403
pt_-21.0_167.0-grid_-21.5_167.3,pt_-21.0_167.0,"Quanono, nan","(167.0, -21.0)",grid_-21.5_167.3,grid_-21.5_167.3,"(167.3, -21.5)",63.51666801979128,2022.9,1404,1401
pt_-22.0_168.0-grid_-21.4_167.6,pt_-22.0_168.0,"Tadine, nan","(168.0, -22.0)",grid_-21.4_167.6,grid_-21.4_167.6,"(167.6, -21.4)",78.27460811991676,2022.9,1405,1400
pt_-22.1667_166.95-grid_-22.2_166.5,pt_-22.1667_166.95,"Yate, nan","(166.95, -22.1667)",grid_-22.2_166.5,grid_-22.2_166.5,"(166.5, -22.2)",46.55424225585261,2022.9,1406,1402
pt_-23.0_167.0-grid_-21.5_167.3,pt_-23.0_167.0,"Vao, nan","(167.0, -23.0)",grid_-21.5_167.3,grid_-21.5_167.3,"(167.3, -21.5)",168.9544649156044,2022.9,1407,1401
pt_33.71_-78.8836-pt_-36.4833_-56.7,pt_33.71_-78.8836,"Myrtle Beach, United States","(-78.8836, 33.71)",pt_-36.4833_-56.7,"Las Toninas, Argentina","(-56.7, -36.4833)",8105.3348982177895,2023.10,1408,1409
pt_-34.9557_-54.9381-pt_-36.4833_-56.7,pt_-34.9557_-54.9381,"Punta del Este, Uruguay","(-54.9381, -34.9557)",pt_-36.4833_-56.7,"Las Toninas, Argentina","(-56.7, -36.4833)",232.67601596653702,2023.10,1410,1409
pt_-24.0058_-46.4028-pt_-36.4833_-56.7,pt_-24.0058_-46.4028,"Praia Grande, Brazil","(-46.4028, -24.0058)",pt_-36.4833_-56.7,"Las Toninas, Argentina","(-56.7, -36.4833)",1699.1419375722223,2023.10,1411,1409
pt_1.3167_103.7169-grid_0.4_102.1,pt_1.3167_103.7169,"Tuas, Singapore","(103.7169, 1.3167)",grid_0.4_102.1,grid_0.4_102.1,"(102.1, 0.4)",206.5526153141397,2023.11,1412,1413
grid_0.4_102.1-grid_0.4_92.5,grid_0.4_102.1,grid_0.4_102.1,"(102.1, 0.4)",grid_0.4_92.5,grid_0.4_92.5,"(92.5, 0.4)",1068.641182188634,2023.11,1413,1414
grid_0.4_92.5-grid_2.5_84.0,grid_0.4_92.5,grid_0.4_92.5,"(92.5, 0.4)",grid_2.5_84.0,grid_2.5_84.0,"(84.0, 2.5)",973.9477849066948,2023.11,1414,1415
grid_2.5_84.0-grid_2.7_81.5,grid_2.5_84.0,grid_2.5_84.0,"(84.0, 2.5)",grid_2.7_81.5,grid_2.7_81.5,"(81.5, 2.7)",278.89218796283245,2023.11,1415,1416
grid_2.7_81.5-pt_19.0758_72.8775,grid_2.7_81.5,grid_2.7_81.5,"(81.5, 2.7)",pt_19.0758_72.8775,"Mumbai, India","(72.8775, 19.0758)",2040.4529762306636,2023.11,1416,1417
pt_3.0_101.0-grid_0.4_102.1,pt_3.0_101.0,"Morib, Malaysia","(101.0, 3.0)",grid_0.4_102.1,grid_0.4_102.1,"(102.1, 0.4)",312.46235569534275,2023.11,1418,1413
pt_5.95_80.5333-grid_2.7_81.5,pt_5.95_80.5333,"Matara, Sri Lanka","(80.5333, 5.95)",grid_2.7_81.5,grid_2.7_81.5,"(81.5, 2.7)",375.0620788004318,2023.11,1419,1416
pt_7.0_99.72-grid_0.4_92.5,pt_7.0_99.72,"Satun, Thailand","(99.72, 7.0)",grid_0.4_92.5,grid_0.4_92.5,"(92.5, 0.4)",1084.0825584358024,2023.11,1420,1414
pt_13.0825_80.275-grid_2.5_84.0,pt_13.0825_80.275,"Chennai, India","(80.275, 13.0825)",grid_2.5_84.0,grid_2.5_84.0,"(84.0, 2.5)",1240.217585162946,2023.11,1421,1415
pt_49.2608_-123.1139-pt_49.2339_-124.805,pt_49.2608_-123.1139,"Vancouver, Canada","(-123.1139, 49.2608)",pt_49.2339_-124.805,"Port Alberni, Canada","(-124.805, 49.2339)",123.16068146016832,2023.15,1422,1423
pt_37.0_141.0-grid_36.9_141.5,pt_37.0_141.0,"Takahagi, Japan","(141.0, 37.0)",grid_36.9_141.5,grid_36.9_141.5,"(141.5, 36.9)",45.896787494253225,2023.15,1424,1425
grid_36.9_141.5-pt_49.2339_-124.805,grid_36.9_141.5,grid_36.9_141.5,"(141.5, 36.9)",pt_49.2339_-124.805,"Port Alberni, Canada","(-124.805, 49.2339)",7256.598575803737,2023.15,1425,1423
pt_34.0_137.0-grid_36.9_141.5,pt_34.0_137.0,"Shima, Japan","(137.0, 34.0)",grid_36.9_141.5,grid_36.9_141.5,"(141.5, 36.9)",519.9100085771292,2023.15,1426,1425
pt_55.1_14.7-pt_54.5164_13.6411,pt_55.1_14.7,"Ronne, Denmark","(14.7, 55.1)",pt_54.5164_13.6411,"Sassnitz, Germany","(13.6411, 54.5164)",94.1062825979115,2023.18,1427,1428
pt_55.5508_14.3479-pt_55.2461_14.8347,pt_55.5508_14.3479,"Simrishamn, Sweden","(14.3479, 55.5508)",pt_55.2461_14.8347,"Tejn, Denmark","(14.8347, 55.2461)",45.84756347832988,2023.18,1429,1430
pt_55.2461_14.8347-pt_55.0_15.0,pt_55.2461_14.8347,"Tejn, Denmark","(14.8347, 55.2461)",pt_55.0_15.0,"Hasle, Denmark","(15.0, 55.0)",29.35684121776284,2023.18,1430,1431
pt_55.2461_14.8347-pt_56.0_16.0,pt_55.2461_14.8347,"Tejn, Denmark","(14.8347, 55.2461)",pt_56.0_16.0,"Gronhogen, Sweden","(16.0, 56.0)",111.50707383476865,2023.18,1430,1432
pt_57.3876_18.2039-pt_57.3232_17.0125,pt_57.3876_18.2039,"Klintehamn, Sweden","(18.2039, 57.3876)",pt_57.3232_17.0125,"Byxelkrok, Sweden","(17.0125, 57.3232)",72.06918146431295,2023.18,1433,1434
pt_56.0_12.0-pt_55.5267_12.9356,pt_56.0_12.0,"Brondby, Denmark","(12.0, 56.0)",pt_55.5267_12.9356,"Klangshamn, Sweden","(12.9356, 55.5267)",78.9049415216988,2023.18,1435,1436
pt_58.9333_18.25-pt_57.8443_18.7821,pt_58.9333_18.25,"Utö, Sweden","(18.25, 58.9333)",pt_57.8443_18.7821,"Kappelshamn, Sweden","(18.7821, 57.8443)",125.22576440477553,2023.18,1437,1438
pt_39.0833_17.1167-pt_38.9575_20.7517,pt_39.0833_17.1167,"Crotone, Italy","(17.1167, 39.0833)",pt_38.9575_20.7517,"Preveza, Greece","(20.7517, 38.9575)",315.0850792024645,2023.21,1439,1440
pt_44.4072_8.934-grid_43.3_7.4,pt_44.4072_8.934,"Genoa, Italy","(8.934, 44.4072)",grid_43.3_7.4,grid_43.3_7.4,"(7.4, 43.3)",174.1957015154783,2023.22,1441,1442
grid_43.3_7.4-grid_42.6_5.8,grid_43.3_7.4,grid_43.3_7.4,"(7.4, 43.3)",grid_42.6_5.8,grid_42.6_5.8,"(5.8, 42.6)",151.9699247732481,2023.22,1442,1443
grid_42.6_5.8-pt_41.3825_2.1769,grid_42.6_5.8,grid_42.6_5.8,"(5.8, 42.6)",pt_41.3825_2.1769,"Barcelona, Spain","(2.1769, 41.3825)",329.2311384294635,2023.22,1443,1444
pt_43.2967_5.3764-grid_42.6_5.8,pt_43.2967_5.3764,"Marseille, France","(5.3764, 43.2967)",grid_42.6_5.8,grid_42.6_5.8,"(5.8, 42.6)",84.76671785309478,2023.22,1445,1443
pt_41.9256_8.7364-grid_43.3_7.4,pt_41.9256_8.7364,"Ajaccio, France","(8.7364, 41.9256)",grid_43.3_7.4,grid_43.3_7.4,"(7.4, 43.3)",187.96626471962264,2023.22,1446,1442
pt_58.45_6.0067-pt_58.97_5.7314,pt_58.45_6.0067,"Egersund, Norway","(6.0067, 58.45)",pt_58.97_5.7314,"Stavanger, Norway","(5.7314, 58.97)",60.080171276603515,2023.23,1447,1448
pt_58.45_6.0067-grid_58.0_6.7,pt_58.45_6.0067,"Egersund, Norway","(6.0067, 58.45)",grid_58.0_6.7,grid_58.0_6.7,"(6.7, 58.0)",64.58939984194721,2023.23,1447,1449
grid_58.0_6.7-grid_58.0_8.0,grid_58.0_6.7,grid_58.0_6.7,"(6.7, 58.0)",grid_58.0_8.0,grid_58.0_8.0,"(8.0, 58.0)",76.87153473963562,2023.23,1449,1450
grid_58.0_8.0-grid_58.3_9.0,grid_58.0_8.0,grid_58.0_8.0,"(8.0, 58.0)",grid_58.3_9.0,grid_58.3_9.0,"(9.0, 58.3)",67.70417883340977,2023.23,1450,1451
grid_58.3_9.0-grid_58.7_10.3,grid_58.3_9.0,grid_58.3_9.0,"(9.0, 58.3)",grid_58.7_10.3,grid_58.7_10.3,"(10.3, 58.7)",87.92094070839255,2023.23,1451,1452
grid_58.7_10.3-pt_59.0_10.655365,grid_58.7_10.3,grid_58.7_10.3,"(10.3, 58.7)",pt_59.0_10.655365,"Moss, Norway","(10.655365, 59.0)",39.21146719352417,2023.23,1452,1453
pt_59.6667_10.6333-pt_59.0_10.655365,pt_59.6667_10.6333,"Drobak, Norway","(10.6333, 59.6667)",pt_59.0_10.655365,"Moss, Norway","(10.655365, 59.0)",74.28158174821469,2023.23,1454,1453
pt_60.0_11.0-pt_59.6667_10.6333,pt_60.0_11.0,"Oslo, Norway","(11.0, 60.0)",pt_59.6667_10.6333,"Drobak, Norway","(10.6333, 59.6667)",42.44685917379076,2023.23,1455,1454
pt_58.0953_6.7936-grid_58.0_6.7,pt_58.0953_6.7936,"Lista, Norway","(6.7936, 58.0953)",grid_58.0_6.7,grid_58.0_6.7,"(6.7, 58.0)",11.967365373623208,2023.23,1456,1449
pt_58.1467_7.9956-grid_58.0_8.0,pt_58.1467_7.9956,"Kristiansand, Norway","(7.9956, 58.1467)",grid_58.0_8.0,grid_58.0_8.0,"(8.0, 58.0)",16.34135357188375,2023.23,1457,1450
pt_58.4667_8.7667-grid_58.3_9.0,pt_58.4667_8.7667,"Arendal, Norway","(8.7667, 58.4667)",grid_58.3_9.0,grid_58.3_9.0,"(9.0, 58.3)",23.044033314878444,2023.23,1458,1451
pt_59.0_10.0-grid_58.7_10.3,pt_59.0_10.0,"Larvik, Norway","(10.0, 59.0)",grid_58.7_10.3,grid_58.7_10.3,"(10.3, 58.7)",37.6382288038792,2023.23,1459,1452
pt_59.0_11.0-pt_59.0_10.655365,pt_59.0_11.0,"Capri Strand, Sweden","(11.0, 59.0)",pt_59.0_10.655365,"Moss, Norway","(10.655365, 59.0)",19.807977901758957,2023.23,1460,1453
pt_41.0_19.0-pt_40.0_18.0,pt_41.0_19.0,"Seman, Albania","(19.0, 41.0)",pt_40.0_18.0,"San Foca, Italy","(18.0, 40.0)",139.69875539274926,2023.27,1461,1462
pt_-30.05_30.8833-pt_-21.0_57.0,pt_-30.05_30.8833,"Amanzimtoti, South Africa","(30.8833, -30.05)",pt_-21.0_57.0,"Baie Jacotet, nan","(57.0, -21.0)",2801.7744485378853,2023.29,1463,1464
pt_6.45_3.4-grid_4.2_2.8,pt_6.45_3.4,"Lagos, Nigeria","(3.4, 6.45)",grid_4.2_2.8,grid_4.2_2.8,"(2.8, 4.2)",257.5476012964707,2023.2,1465,1466
grid_4.2_2.8-grid_2.6_2.3,grid_4.2_2.8,grid_4.2_2.8,"(2.8, 4.2)",grid_2.6_2.3,grid_2.6_2.3,"(2.3, 2.6)",185.44408875941224,2023.2,1466,1467
grid_2.6_2.3-grid_2.4_1.7,grid_2.6_2.3,grid_2.6_2.3,"(2.3, 2.6)",grid_2.4_1.7,grid_2.4_1.7,"(1.7, 2.4)",70.29779593912787,2023.2,1467,1468
grid_2.4_1.7-grid_1.4_-4.4,grid_2.4_1.7,grid_2.4_1.7,"(1.7, 2.4)",grid_1.4_-4.4,grid_1.4_-4.4,"(-4.4, 1.4)",687.6181517853735,2023.2,1468,1469
grid_1.4_-4.4-grid_14.6_-20.5,grid_1.4_-4.4,grid_1.4_-4.4,"(-4.4, 1.4)",grid_14.6_-20.5,grid_14.6_-20.5,"(-20.5, 14.6)",2294.9071957234214,2023.2,1469,1470
grid_14.6_-20.5-grid_29.0_-18.0,grid_14.6_-20.5,grid_14.6_-20.5,"(-20.5, 14.6)",grid_29.0_-18.0,grid_29.0_-18.0,"(-18.0, 29.0)",1615.1968754305092,2023.2,1470,1471
grid_29.0_-18.0-grid_39.8_-13.5,grid_29.0_-18.0,grid_29.0_-18.0,"(-18.0, 29.0)",grid_39.8_-13.5,grid_39.8_-13.5,"(-13.5, 39.8)",1266.999546469854,2023.2,1471,1472
grid_39.8_-13.5-pt_50.824_-4.542,grid_39.8_-13.5,grid_39.8_-13.5,"(-13.5, 39.8)",pt_50.824_-4.542,"Bude, Great Britain","(-4.542, 50.824)",1409.8977531829717,2023.2,1472,1473
pt_-34.0_18.0-grid_-36.8_25.5,pt_-34.0_18.0,"Duynefontein, South Africa","(18.0, -34.0)",grid_-36.8_25.5,grid_-36.8_25.5,"(25.5, -36.8)",748.4904640703891,2023.2,1474,1475
grid_-36.8_25.5-grid_-32.0_33.6,grid_-36.8_25.5,grid_-36.8_25.5,"(25.5, -36.8)",grid_-32.0_33.6,grid_-32.0_33.6,"(33.6, -32.0)",914.9611052903259,2023.2,1475,1476
grid_-32.0_33.6-grid_-27.7_36.9,grid_-32.0_33.6,grid_-32.0_33.6,"(33.6, -32.0)",grid_-27.7_36.9,grid_-27.7_36.9,"(36.9, -27.7)",573.3976921944734,2023.2,1476,1477
grid_-27.7_36.9-grid_-15.6_42.7,grid_-27.7_36.9,grid_-27.7_36.9,"(36.9, -27.7)",grid_-15.6_42.7,grid_-15.6_42.7,"(42.7, -15.6)",1467.496998805902,2023.2,1477,1478
grid_-15.6_42.7-grid_-14.2_43.4,grid_-15.6_42.7,grid_-15.6_42.7,"(42.7, -15.6)",grid_-14.2_43.4,grid_-14.2_43.4,"(43.4, -14.2)",172.24672244636923,2023.2,1478,1479
grid_-14.2_43.4-grid_-12.0_44.4,grid_-14.2_43.4,grid_-14.2_43.4,"(43.4, -14.2)",grid_-12.0_44.4,grid_-12.0_44.4,"(44.4, -12.0)",266.4509485595004,2023.2,1479,1480
grid_-12.0_44.4-grid_-8.8_46.0,grid_-12.0_44.4,grid_-12.0_44.4,"(44.4, -12.0)",grid_-8.8_46.0,grid_-8.8_46.0,"(46.0, -8.8)",394.9321406933243,2023.2,1480,1481
grid_-8.8_46.0-grid_-7.4_46.7,grid_-8.8_46.0,grid_-8.8_46.0,"(46.0, -8.8)",grid_-7.4_46.7,grid_-7.4_46.7,"(46.7, -7.4)",172.99097044245326,2023.2,1481,1482
grid_-7.4_46.7-grid_-2.9_48.5,grid_-7.4_46.7,grid_-7.4_46.7,"(46.7, -7.4)",grid_-2.9_48.5,grid_-2.9_48.5,"(48.5, -2.9)",536.1348763195099,2023.2,1482,1483
grid_-2.9_48.5-grid_-1.4_49.0,grid_-2.9_48.5,grid_-2.9_48.5,"(48.5, -2.9)",grid_-1.4_49.0,grid_-1.4_49.0,"(49.0, -1.4)",174.94089718108566,2023.2,1483,1484
grid_-1.4_49.0-grid_9.3_54.2,grid_-1.4_49.0,grid_-1.4_49.0,"(49.0, -1.4)",grid_9.3_54.2,grid_9.3_54.2,"(54.2, 9.3)",1316.270535920035,2023.2,1484,1485
grid_9.3_54.2-grid_9.7_54.0,grid_9.3_54.2,grid_9.3_54.2,"(54.2, 9.3)",grid_9.7_54.0,grid_9.7_54.0,"(54.0, 9.7)",49.3923306243556,2023.2,1485,1486
grid_9.7_54.0-grid_12.3_44.4,grid_9.7_54.0,grid_9.7_54.0,"(54.0, 9.7)",grid_12.3_44.4,grid_12.3_44.4,"(44.4, 12.3)",1087.7258523963997,2023.2,1486,1487
grid_12.3_44.4-grid_12.2_44.0,grid_12.3_44.4,grid_12.3_44.4,"(44.4, 12.3)",grid_12.2_44.0,grid_12.2_44.0,"(44.0, 12.2)",44.904463961801255,2023.2,1487,1488
grid_12.2_44.0-grid_20.4_38.9,grid_12.2_44.0,grid_12.2_44.0,"(44.0, 12.2)",grid_20.4_38.9,grid_20.4_38.9,"(38.9, 20.4)",1058.2436262316594,2023.2,1488,1489
grid_20.4_38.9-grid_21.0_38.5,grid_20.4_38.9,grid_20.4_38.9,"(38.9, 20.4)",grid_21.0_38.5,grid_21.0_38.5,"(38.5, 21.0)",78.41612341213434,2023.2,1489,1490
grid_21.0_38.5-grid_23.1_37.1,grid_21.0_38.5,grid_21.0_38.5,"(38.5, 21.0)",grid_23.1_37.1,grid_23.1_37.1,"(37.1, 23.1)",273.7771645067979,2023.2,1490,1491
grid_23.1_37.1-grid_26.7_34.7,grid_23.1_37.1,grid_23.1_37.1,"(37.1, 23.1)",grid_26.7_34.7,grid_26.7_34.7,"(34.7, 26.7)",466.6744642503835,2023.2,1491,1492
grid_26.7_34.7-grid_28.5_33.5,grid_26.7_34.7,grid_26.7_34.7,"(34.7, 26.7)",grid_28.5_33.5,grid_28.5_33.5,"(33.5, 28.5)",231.98702780107706,2023.2,1492,1493
grid_28.5_33.5-pt_29.0_33.0,grid_28.5_33.5,grid_28.5_33.5,"(33.5, 28.5)",pt_29.0_33.0,"Zafarana, Egypt","(33.0, 29.0)",73.86378030770427,2023.2,1493,1494
pt_29.9667_32.5333-pt_29.0_33.0,pt_29.9667_32.5333,"Suez, Egypt","(32.5333, 29.9667)",pt_29.0_33.0,"Zafarana, Egypt","(33.0, 29.0)",116.3194391286474,2023.2,1495,1494
pt_29.9667_32.5333-pt_31.2625_32.3061,pt_29.9667_32.5333,"Suez, Egypt","(32.5333, 29.9667)",pt_31.2625_32.3061,"Port Said, Egypt","(32.3061, 31.2625)",145.29846262363577,2023.2,1495,1496
pt_31.2625_32.3061-grid_36.0_18.9,pt_31.2625_32.3061,"Port Said, Egypt","(32.3061, 31.2625)",grid_36.0_18.9,grid_36.0_18.9,"(18.9, 36.0)",1348.7170913662314,2023.2,1496,1497
grid_36.0_18.9-pt_44.4072_8.934,grid_36.0_18.9,grid_36.0_18.9,"(18.9, 36.0)",pt_44.4072_8.934,"Genoa, Italy","(8.934, 44.4072)",1259.6025666610367,2023.2,1497,1498
pt_41.3825_2.1769-grid_42.6_5.8,pt_41.3825_2.1769,"Barcelona, Spain","(2.1769, 41.3825)",grid_42.6_5.8,grid_42.6_5.8,"(5.8, 42.6)",329.2311384294635,2023.2,1499,1500
grid_42.6_5.8-pt_44.4072_8.934,grid_42.6_5.8,grid_42.6_5.8,"(5.8, 42.6)",pt_44.4072_8.934,"Genoa, Italy","(8.934, 44.4072)",323.3036303254481,2023.2,1500,1498
pt_-33.3511_18.1496-grid_-11.7_6.4,pt_-33.3511_18.1496,"Yzerfonstein, South Africa","(18.1496, -33.3511)",grid_-11.7_6.4,grid_-11.7_6.4,"(6.4, -11.7)",2680.1630813377965,2023.2,1501,1502
grid_-11.7_6.4-grid_-8.1_5.2,grid_-11.7_6.4,grid_-11.7_6.4,"(6.4, -11.7)",grid_-8.1_5.2,grid_-8.1_5.2,"(5.2, -8.1)",419.36500695852516,2023.2,1502,1503
grid_-8.1_5.2-grid_2.4_1.7,grid_-8.1_5.2,grid_-8.1_5.2,"(5.2, -8.1)",grid_2.4_1.7,grid_2.4_1.7,"(1.7, 2.4)",1224.3927694978074,2023.2,1503,1468
pt_38.6872_-9.3342-grid_39.8_-13.5,pt_38.6872_-9.3342,"Carcavelos, Portugal","(-9.3342, 38.6872)",grid_39.8_-13.5,grid_39.8_-13.5,"(-13.5, 39.8)",380.21035557741635,2023.2,1504,1472
pt_27.9586_-15.5925-grid_29.0_-18.0,pt_27.9586_-15.5925,"Gran Canaria, nan","(-15.5925, 27.9586)",grid_29.0_-18.0,grid_29.0_-18.0,"(-18.0, 29.0)",262.476896596734,2023.2,1505,1471
pt_14.7319_-17.4572-grid_14.6_-20.5,pt_14.7319_-17.4572,"Dakar, Senegal","(-17.4572, 14.7319)",grid_14.6_-20.5,grid_14.6_-20.5,"(-20.5, 14.6)",328.0793416558133,2023.2,1506,1470
pt_5.0_-4.0-grid_1.4_-4.4,pt_5.0_-4.0,"Abidjan, Ivory Coast","(-4.0, 5.0)",grid_1.4_-4.4,grid_1.4_-4.4,"(-4.4, 1.4)",400.55529195050605,2023.2,1507,1469
pt_5.5461_-0.2067-grid_4.2_2.8,pt_5.5461_-0.2067,"Accra, Ghana","(-0.2067, 5.5461)",grid_4.2_2.8,grid_4.2_2.8,"(2.8, 4.2)",365.2072543946158,2023.2,1508,1466
pt_0.3901_9.4544-grid_0.7_8.3,pt_0.3901_9.4544,"Libreville, Gabon","(9.4544, 0.3901)",grid_0.7_8.3,grid_0.7_8.3,"(8.3, 0.7)",132.99176092886114,2023.2,1509,1510
grid_0.7_8.3-grid_2.6_2.3,grid_0.7_8.3,grid_0.7_8.3,"(8.3, 0.7)",grid_2.6_2.3,grid_2.6_2.3,"(2.3, 2.6)",699.8883651339738,2023.2,1510,1467
pt_-33.9581_25.6-grid_-36.8_25.5,pt_-33.9581_25.6,"Gqeberha, South Africa","(25.6, -33.9581)",grid_-36.8_25.5,grid_-36.8_25.5,"(25.5, -36.8)",315.43284601630063,2023.2,1511,1475
pt_2.0392_45.3419-grid_-1.4_49.0,pt_2.0392_45.3419,"Mogadishu, Somalia","(45.3419, 2.0392)",grid_-1.4_49.0,grid_-1.4_49.0,"(49.0, -1.4)",557.12742654876,2023.2,1512,1484
pt_-5.0_55.0-grid_-2.9_48.5,pt_-5.0_55.0,"Carana, nan","(55.0, -5.0)",grid_-2.9_48.5,grid_-2.9_48.5,"(48.5, -2.9)",758.2603454569518,2023.2,1513,1483
pt_10.4333_45.0-grid_12.3_44.4,pt_10.4333_45.0,"Berbera, Somalia","(45.0, 10.4333)",grid_12.3_44.4,grid_12.3_44.4,"(44.4, 12.3)",216.62533301570508,2023.2,1514,1487
pt_11.599721_43.146057-grid_12.2_44.0,pt_11.599721_43.146057,"Djibouti City, Djibouti","(43.146057, 11.599721)",grid_12.2_44.0,grid_12.2_44.0,"(44.0, 12.2)",114.29830401905363,2023.2,1515,1488
pt_17.0197_54.0897-grid_9.7_54.0,pt_17.0197_54.0897,"Salalah, Oman","(54.0897, 17.0197)",grid_9.7_54.0,grid_9.7_54.0,"(54.0, 9.7)",809.872747146994,2023.2,1516,1486
pt_19.6158_37.2164-grid_20.4_38.9,pt_19.6158_37.2164,"Port Sudan, Sudan","(37.2164, 19.6158)",grid_20.4_38.9,grid_20.4_38.9,"(38.9, 20.4)",196.40124069708128,2023.2,1517,1489
pt_21.5428_39.1728-grid_21.0_38.5,pt_21.5428_39.1728,"Jeddah, Saudi Arabia","(39.1728, 21.5428)",grid_21.0_38.5,grid_21.0_38.5,"(38.5, 21.0)",92.12623833961442,2023.2,1518,1490
pt_24.0445_38.4074-grid_23.1_37.1,pt_24.0445_38.4074,"Yanbu, Saudi Arabia","(38.4074, 24.0445)",grid_23.1_37.1,grid_23.1_37.1,"(37.1, 23.1)",169.57232035096902,2023.2,1519,1491
pt_27.3493_35.6962-grid_26.7_34.7,pt_27.3493_35.6962,"Duba, Saudi Arabia","(35.6962, 27.3493)",grid_26.7_34.7,grid_26.7_34.7,"(34.7, 26.7)",122.26357798916376,2023.2,1520,1492
pt_28.3597_33.0775-grid_28.5_33.5,pt_28.3597_33.0775,"Ras Ghareb, Egypt","(33.0775, 28.3597)",grid_28.5_33.5,grid_28.5_33.5,"(33.5, 28.5)",44.21593038005965,2023.2,1521,1493
pt_-30.05_30.8833-grid_-32.0_33.6,pt_-30.05_30.8833,"Amanzimtoti, South Africa","(30.8833, -30.05)",grid_-32.0_33.6,grid_-32.0_33.6,"(33.6, -32.0)",337.64847336500367,2023.2,1522,1476
pt_19.0758_72.8775-grid_15.3_65.0,pt_19.0758_72.8775,"Mumbai, India","(72.8775, 19.0758)",grid_15.3_65.0,grid_15.3_65.0,"(65.0, 15.3)",936.1851605398779,2023.2,1523,1524
grid_15.3_65.0-grid_9.3_54.2,grid_15.3_65.0,grid_15.3_65.0,"(65.0, 15.3)",grid_9.3_54.2,grid_9.3_54.2,"(54.2, 9.3)",1348.7688197596863,2023.2,1524,1485
pt_-26.0_33.0-grid_-27.7_36.9,pt_-26.0_33.0,"Maputo, Mozambique","(33.0, -26.0)",grid_-27.7_36.9,grid_-27.7_36.9,"(36.9, -27.7)",430.91487945362405,2023.2,1525,1477
pt_-15.7167_46.3167-grid_-14.2_43.4,pt_-15.7167_46.3167,"Mahajanga, Madagascar","(46.3167, -15.7167)",grid_-14.2_43.4,grid_-14.2_43.4,"(43.4, -14.2)",355.8037933529756,2023.2,1526,1479
pt_-14.55_40.6833-grid_-15.6_42.7,pt_-14.55_40.6833,"Nacala, Mozambique","(40.6833, -14.55)",grid_-15.6_42.7,grid_-15.6_42.7,"(42.7, -15.6)",245.9833033929875,2023.2,1527,1478
pt_-11.7036_43.2536-grid_-12.0_44.4,pt_-11.7036_43.2536,"Moroni, nan","(43.2536, -11.7036)",grid_-12.0_44.4,grid_-12.0_44.4,"(44.4, -12.0)",129.14508075644355,2023.2,1528,1480
pt_-6.816084_39.0-grid_-8.8_46.0,pt_-6.816084_39.0,"Dar Es Salaam, Tanzania","(39.0, -6.8160837)",grid_-8.8_46.0,grid_-8.8_46.0,"(46.0, -8.8)",802.5839722670175,2023.2,1529,1481
pt_-3.95_39.7444-grid_-7.4_46.7,pt_-3.95_39.7444,"Mtwapa, Kenya","(39.7444, -3.95)",grid_-7.4_46.7,grid_-7.4_46.7,"(46.7, -7.4)",859.6941621613292,2023.2,1530,1482
pt_-4.05_39.6667-grid_-7.4_46.7,pt_-4.05_39.6667,"Mombasa, Kenya","(39.6667, -4.05)",grid_-7.4_46.7,grid_-7.4_46.7,"(46.7, -7.4)",862.5533205355385,2023.2,1531,1482
pt_39.25_20.5333-grid_36.0_18.9,pt_39.25_20.5333,"Tympaki, Greece","(20.5333, 39.25)",grid_36.0_18.9,grid_36.0_18.9,"(18.9, 36.0)",388.4442012574946,2023.2,1532,1497
pt_43.2967_5.3764-grid_42.6_5.8,pt_43.2967_5.3764,"Marseille, France","(5.3764, 43.2967)",grid_42.6_5.8,grid_42.6_5.8,"(5.8, 42.6)",84.76671785309478,2023.2,1533,1500
pt_-5.0_12.0-grid_-8.1_5.2,pt_-5.0_12.0,"Pointe-Noire, Republic of Congo","(12.0, -5.0)",grid_-8.1_5.2,grid_-8.1_5.2,"(5.2, -8.1)",826.4254531357485,2023.2,1534,1503
pt_-8.8383_13.2344-grid_-11.7_6.4,pt_-8.8383_13.2344,"Luanda, Angola","(13.2344, -8.8383)",grid_-11.7_6.4,grid_-11.7_6.4,"(6.4, -11.7)",812.7652460642576,2023.2,1535,1502
pt_5.0_8.0-grid_0.7_8.3,pt_5.0_8.0,"Kwa Ibo, Nigeria","(8.0, 5.0)",grid_0.7_8.3,grid_0.7_8.3,"(8.3, 0.7)",476.65134341429695,2023.2,1536,1510
pt_29.375_47.98-grid_29.4_48.1,pt_29.375_47.98,"Kuwait City, Kuwait","(47.98, 29.375)",grid_29.4_48.1,grid_29.4_48.1,"(48.1, 29.4)",11.973850409779812,2023.2,1537,1538
grid_29.4_48.1-grid_27.6_51.5,grid_29.4_48.1,grid_29.4_48.1,"(48.1, 29.4)",grid_27.6_51.5,grid_27.6_51.5,"(51.5, 27.6)",388.0420817616892,2023.2,1538,1539
grid_27.6_51.5-grid_26.8_52.9,grid_27.6_51.5,grid_27.6_51.5,"(51.5, 27.6)",grid_26.8_52.9,grid_26.8_52.9,"(52.9, 26.8)",164.61394016655623,2023.2,1539,1540
grid_26.8_52.9-grid_26.2_54.5,grid_26.8_52.9,grid_26.8_52.9,"(52.9, 26.8)",grid_26.2_54.5,grid_26.2_54.5,"(54.5, 26.2)",172.8007148079451,2023.2,1540,1541
grid_26.2_54.5-grid_25.4_56.3,grid_26.2_54.5,grid_26.2_54.5,"(54.5, 26.2)",grid_25.4_56.3,grid_25.4_56.3,"(56.3, 25.4)",201.09577920237322,2023.2,1541,1542
grid_25.4_56.3-grid_24.3_58.4,grid_25.4_56.3,grid_25.4_56.3,"(56.3, 25.4)",grid_24.3_58.4,grid_24.3_58.4,"(58.4, 24.3)",244.73364197090896,2023.2,1542,1543
grid_24.3_58.4-grid_20.1_62.5,grid_24.3_58.4,grid_24.3_58.4,"(58.4, 24.3)",grid_20.1_62.5,grid_20.1_62.5,"(62.5, 20.1)",628.4189995436897,2023.2,1543,1544
grid_20.1_62.5-grid_15.3_65.0,grid_20.1_62.5,grid_20.1_62.5,"(62.5, 20.1)",grid_15.3_65.0,grid_15.3_65.0,"(65.0, 15.3)",593.7244620227157,2023.2,1544,1524
pt_-5.93_12.35-pt_-5.0_12.0,pt_-5.93_12.35,"Muanda, Democratic Republic of Congo","(12.35, -5.93)",pt_-5.0_12.0,"Pointe-Noire, Republic of Congo","(12.0, -5.0)",109.91401520070981,2023.2,1545,1534
pt_24.86_67.01-grid_20.1_62.5,pt_24.86_67.01,"Karachi, Pakistan","(67.01, 24.86)",grid_20.1_62.5,grid_20.1_62.5,"(62.5, 20.1)",702.1796478040845,2023.2,1546,1544
pt_23.7092_57.8869-grid_24.3_58.4,pt_23.7092_57.8869,"Barka, Oman","(57.8869, 23.7092)",grid_24.3_58.4,grid_24.3_58.4,"(58.4, 24.3)",83.71019787029674,2023.2,1547,1543
pt_25.0513_56.3542-grid_25.4_56.3,pt_25.0513_56.3542,"Kalba, United Arab Emirates","(56.3542, 25.0513)",grid_25.4_56.3,grid_25.4_56.3,"(56.3, 25.4)",39.01185942283475,2023.2,1548,1542
pt_24.4511_54.3969-grid_26.2_54.5,pt_24.4511_54.3969,"Abu Dhabi, United Arab Emirates","(54.3969, 24.4511)",grid_26.2_54.5,grid_26.2_54.5,"(54.5, 26.2)",194.0171647377332,2023.2,1549,1541
pt_25.285633_51.526416-grid_26.8_52.9,pt_25.285633_51.526416,"Doha, Qatar","(51.526416, 25.285633)",grid_26.8_52.9,grid_26.8_52.9,"(52.9, 26.8)",216.8971109513786,2023.2,1550,1540
pt_26.225_50.5775-grid_27.6_51.5,pt_26.225_50.5775,"Manama, nan","(50.5775, 26.225)",grid_27.6_51.5,grid_27.6_51.5,"(51.5, 27.6)",177.78459741685018,2023.2,1551,1539
pt_26.3_50.2167-grid_27.6_51.5,pt_26.3_50.2167,"Al Khobar, Saudi Arabia","(50.2167, 26.3)",grid_27.6_51.5,grid_27.6_51.5,"(51.5, 27.6)",192.31642614270632,2023.2,1552,1539
pt_29.98_48.47-grid_29.4_48.1,pt_29.98_48.47,"Al Faw, Iraq","(48.47, 29.98)",grid_29.4_48.1,grid_29.4_48.1,"(48.1, 29.4)",73.5917318354606,2023.2,1553,1538
pt_44.8728_-1.0919-grid_46.4_-8.3,pt_44.8728_-1.0919,"Le Porge, France","(-1.0919, 44.8728)",grid_46.4_-8.3,grid_46.4_-8.3,"(-8.3, 46.4)",586.8350451069316,2023.32,1554,1555
grid_46.4_-8.3-pt_42.0_-69.0,grid_46.4_-8.3,grid_46.4_-8.3,"(-8.3, 46.4)",pt_42.0_-69.0,"Lynn, United States","(-69.0, 42.0)",4756.619365744416,2023.32,1555,1556
pt_50.824_-4.542-grid_46.4_-8.3,pt_50.824_-4.542,"Bude, Great Britain","(-4.542, 50.824)",grid_46.4_-8.3,grid_46.4_-8.3,"(-8.3, 46.4)",564.4564245544841,2023.32,1557,1555
pt_14.6161_-61.1014-pt_22.1456_-80.4364,pt_14.6161_-61.1014,"Schoelcher, nan","(-61.1014, 14.6161)",pt_22.1456_-80.4364,"Cienfuegos, Cuba","(-80.4364, 22.1456)",2203.949486598989,2023.7,1558,1559
pt_-6.0_107.0-grid_7.5_135.3,pt_-6.0_107.0,"Tanjung Pakis, Indonesia","(107.0, -6.0)",grid_7.5_135.3,grid_7.5_135.3,"(135.3, 7.5)",3479.3096300411034,2023.9,1560,1561
grid_7.5_135.3-grid_15.2_143.0,grid_7.5_135.3,grid_7.5_135.3,"(135.3, 7.5)",grid_15.2_143.0,grid_15.2_143.0,"(143.0, 15.2)",1196.1294967219521,2023.9,1561,1562
grid_15.2_143.0-pt_40.8019_-124.1636,grid_15.2_143.0,grid_15.2_143.0,"(143.0, 15.2)",pt_40.8019_-124.1636,"Eureka, United States","(-124.1636, 40.8019)",9155.823868405989,2023.9,1562,1563
pt_13.381459_145.0-grid_15.2_143.0,pt_13.381459_145.0,"Agat, nan","(145.0, 13.381459)",grid_15.2_143.0,grid_15.2_143.0,"(143.0, 15.2)",295.0359794019435,2023.9,1564,1562
pt_13.4608_144.6908-grid_15.2_143.0,pt_13.4608_144.6908,"Piti, nan","(144.6908, 13.4608)",grid_15.2_143.0,grid_15.2_143.0,"(143.0, 15.2)",265.1330858740555,2023.9,1565,1562
pt_8.0_135.0-grid_7.5_135.3,pt_8.0_135.0,"Ngeremlengui, nan","(135.0, 8.0)",grid_7.5_135.3,grid_7.5_135.3,"(135.3, 7.5)",64.44309127685437,2023.9,1566,1561
pt_1.353925_103.974697-pt_-6.0_107.0,pt_1.353925_103.974697,"Changi South, Singapore","(103.974697, 1.353925)",pt_-6.0_107.0,"Tanjung Pakis, Indonesia","(107.0, -6.0)",879.9648131488209,2023.9,1567,1560
pt_10.6833_-61.6333-grid_11.4_-61.0,pt_10.6833_-61.6333,"Chaguaramas, nan","(-61.6333, 10.6833)",grid_11.4_-61.0,grid_11.4_-61.0,"(-61.0, 11.4)",105.23224087183753,2024.4,1568,1569
grid_11.4_-61.0-grid_10.2_-56.1,grid_11.4_-61.0,grid_11.4_-61.0,"(-61.0, 11.4)",grid_10.2_-56.1,grid_10.2_-56.1,"(-56.1, 10.2)",552.0455825117768,2024.4,1569,1570
grid_10.2_-56.1-grid_9.8_-54.9,grid_10.2_-56.1,grid_10.2_-56.1,"(-56.1, 10.2)",grid_9.8_-54.9,grid_9.8_-54.9,"(-54.9, 9.8)",138.80668165882753,2024.4,1570,1571
grid_9.8_-54.9-pt_4.9386_-52.335,grid_9.8_-54.9,grid_9.8_-54.9,"(-54.9, 9.8)",pt_4.9386_-52.335,"Cayenne, nan","(-52.335, 4.9386)",607.6194113899049,2024.4,1571,1572
pt_5.8667_-55.1667-grid_9.8_-54.9,pt_5.8667_-55.1667,"Paramaribo, Suriname","(-55.1667, 5.8667)",grid_9.8_-54.9,grid_9.8_-54.9,"(-54.9, 9.8)",435.99747878355186,2024.4,1573,1571
pt_6.8058_-58.1508-grid_10.2_-56.1,pt_6.8058_-58.1508,"Georgetown, Guyana","(-58.1508, 6.8058)",grid_10.2_-56.1,grid_10.2_-56.1,"(-56.1, 10.2)",438.05411438325535,2024.4,1574,1570
pt_11.0_-61.0-grid_11.4_-61.0,pt_11.0_-61.0,"Rockly Bay, nan","(-61.0, 11.0)",grid_11.4_-61.0,grid_11.4_-61.0,"(-61.0, 11.4)",44.2464731923136,2024.4,1575,1569
pt_32.08_34.78-grid_32.9_31.5,pt_32.08_34.78,"Tel Aviv, Israel","(34.78, 32.08)",grid_32.9_31.5,grid_32.9_31.5,"(31.5, 32.9)",321.3925965510643,2024.9,1576,1577
grid_32.9_31.5-grid_34.8_23.9,grid_32.9_31.5,grid_32.9_31.5,"(31.5, 32.9)",grid_34.8_23.9,grid_34.8_23.9,"(23.9, 34.8)",734.0247881647845,2024.9,1577,1578
grid_34.8_23.9-grid_35.6_20.5,grid_34.8_23.9,grid_34.8_23.9,"(23.9, 34.8)",grid_35.6_20.5,grid_35.6_20.5,"(20.5, 35.6)",322.07217344910975,2024.9,1578,1579
grid_35.6_20.5-grid_38.9_14.7,grid_35.6_20.5,grid_35.6_20.5,"(20.5, 35.6)",grid_38.9_14.7,grid_38.9_14.7,"(14.7, 38.9)",631.3752931254273,2024.9,1579,1580
grid_38.9_14.7-grid_41.3_11.7,grid_38.9_14.7,grid_38.9_14.7,"(14.7, 38.9)",grid_41.3_11.7,grid_41.3_11.7,"(11.7, 41.3)",369.3467797091837,2024.9,1580,1581
grid_41.3_11.7-grid_41.9_10.8,grid_41.3_11.7,grid_41.3_11.7,"(11.7, 41.3)",grid_41.9_10.8,grid_41.9_10.8,"(10.8, 41.9)",100.35038802747538,2024.9,1581,1582
grid_41.9_10.8-pt_44.4072_8.934,grid_41.9_10.8,grid_41.9_10.8,"(10.8, 41.9)",pt_44.4072_8.934,"Genoa, Italy","(8.934, 44.4072)",317.1839956393801,2024.9,1582,1583
pt_44.4072_8.934-grid_43.8_8.4,pt_44.4072_8.934,"Genoa, Italy","(8.934, 44.4072)",grid_43.8_8.4,grid_43.8_8.4,"(8.4, 43.8)",79.87472285155792,2024.9,1583,1584
grid_43.8_8.4-pt_43.2967_5.3764,grid_43.8_8.4,grid_43.8_8.4,"(8.4, 43.8)",pt_43.2967_5.3764,"Marseille, France","(5.3764, 43.2967)",250.6443801301235,2024.9,1584,1585
pt_29.5322_35.0061-pt_32.08_34.78,pt_29.5322_35.0061,"Aqaba, Jordan","(35.0061, 29.5322)",pt_32.08_34.78,"Tel Aviv, Israel","(34.78, 32.08)",283.29218815440043,2024.9,1586,1576
pt_34.7609_32.4484-grid_32.9_31.5,pt_34.7609_32.4484,"Yeroskipos, Cyprus","(32.4484, 34.7609)",grid_32.9_31.5,grid_32.9_31.5,"(31.5, 32.9)",224.30049742738603,2024.9,1587,1577
pt_35.5167_24.0167-grid_34.825_23.8,pt_35.5167_24.0167,"Chania, Greece","(24.0167, 35.5167)",grid_34.825_23.8,grid_34.825_23.8,"(23.8, 34.824999999999996)",79.2381492377286,2024.9,1588,1589
grid_34.825_23.8-grid_34.8_23.9,grid_34.825_23.8,grid_34.825_23.8,"(23.8, 34.824999999999996)",grid_34.8_23.9,grid_34.8_23.9,"(23.9, 34.8)",9.56069692227508,2024.9,1589,1578
pt_32.0_20.0-grid_33.7_20.0,pt_32.0_20.0,"Benghazi, Libya","(20.0, 32.0)",grid_33.7_20.0,grid_33.7_20.0,"(20.0, 33.7)",188.5331037487303,2024.9,1590,1591
grid_33.7_20.0-grid_35.6_20.5,grid_33.7_20.0,grid_33.7_20.0,"(20.0, 33.7)",grid_35.6_20.5,grid_35.6_20.5,"(20.5, 35.6)",215.7005265196026,2024.9,1591,1579
pt_38.1157_13.3613-grid_38.9_14.7,pt_38.1157_13.3613,"Palermo, Italy","(13.3613, 38.1157)",grid_38.9_14.7,grid_38.9_14.7,"(14.7, 38.9)",145.6475487423992,2024.9,1592,1580
pt_41.8931_12.4828-grid_41.3_11.7,pt_41.8931_12.4828,"Rome, Italy","(12.4828, 41.8931)",grid_41.3_11.7,grid_41.3_11.7,"(11.7, 41.3)",92.72769843081853,2024.9,1593,1581
pt_41.0038_9.6149-grid_41.9_10.8,pt_41.0038_9.6149,"Golfo Aranci, Italy","(9.6149, 41.0038)",grid_41.9_10.8,grid_41.9_10.8,"(10.8, 41.9)",140.39984038630348,2024.9,1594,1582
pt_42.7_9.4494-grid_43.8_8.4,pt_42.7_9.4494,"Bastia, France","(9.4494, 42.7)",grid_43.8_8.4,grid_43.8_8.4,"(8.4, 43.8)",148.98459380301415,2024.9,1595,1584
pt_32.7636_22.6361-grid_33.7_20.0,pt_32.7636_22.6361,"Derna, Libya","(22.6361, 32.7636)",grid_33.7_20.0,grid_33.7_20.0,"(20.0, 33.7)",266.74125279191526,2024.9,1596,1591
